"Resultaten 1-476 van 476 voor 'Status voorkomen=2a,2b,2c,2d,2; Habitat=zoet water,zout water'"

"wetenschappelijke naam"	"populaire naam"	"status voorkomen"	"link"	
"Acartia tonsa Dana, 1848"	"Langsprietroeipootkreeft"	"2a Exoot (minstens 100 jaar)"	"http://www.nederlandsesoorten.nl, www.nederlandsesoorten.nl/linnaeus_ng/app/views/species/taxon.php?id=144375"	
"Acipenser baerii Brandt, 1869"	"Siberische steur"	"2d Exoot: Incidentele import"	"http://www.nederlandsesoorten.nl, www.nederlandsesoorten.nl/linnaeus_ng/app/views/species/taxon.php?id=174597"	
"Acipenser gueldenstaedtii Brandt & Ratzeburg, 1833"	"Diamantsteur"	"2d Exoot: Incidentele import"	"http://www.nederlandsesoorten.nl, www.nederlandsesoorten.nl/linnaeus_ng/app/views/species/taxon.php?id=172304"	
"Acipenser ruthenus Linnaeus, 1758"	"Sterlet"	"2d Exoot: Incidentele import"	"http://www.nederlandsesoorten.nl, www.nederlandsesoorten.nl/linnaeus_ng/app/views/species/taxon.php?id=172305"	
"Acipenser stellatus Pallas, 1771"	"Spitssnuitsteur"	"2d Exoot: Incidentele import"	"http://www.nederlandsesoorten.nl, www.nederlandsesoorten.nl/linnaeus_ng/app/views/species/taxon.php?id=172306"	
"Acorus calamus L."	"Kalmoes"	"2a Exoot (minstens 100 jaar)"	"http://www.nederlandsesoorten.nl, www.nederlandsesoorten.nl/linnaeus_ng/app/views/species/taxon.php?id=118956"	
"Acridotheres ginginianus (Latham, 1790)"	"Oevermaina"	"2c Exoot (minder dan 10 jaar)"	"http://www.nederlandsesoorten.nl, www.nederlandsesoorten.nl/linnaeus_ng/app/views/species/taxon.php?id=172172"	
"Acrochaetium catenulatum M.Howe"	""	"2b Exoot (10-99 jaar)"	"http://www.nederlandsesoorten.nl, www.nederlandsesoorten.nl/linnaeus_ng/app/views/species/taxon.php?id=116388"	
"Acrochaetium densum (K.M.Drew) Papenf."	""	"2b Exoot (10-99 jaar)"	"http://www.nederlandsesoorten.nl, www.nederlandsesoorten.nl/linnaeus_ng/app/views/species/taxon.php?id=116386"	
"Aedes aegypti (Linnaeus, 1762)"	"Gelekoortsmug"	"2d Exoot: Incidentele import"	"http://www.nederlandsesoorten.nl, www.nederlandsesoorten.nl/linnaeus_ng/app/views/species/taxon.php?id=171571"	
"Aedes atropalpus (Coquillett, 1902)"	"Amerikaanse rotspoelmug "	"2d Exoot: Incidentele import"	"http://www.nederlandsesoorten.nl, www.nederlandsesoorten.nl/linnaeus_ng/app/views/species/taxon.php?id=171576"	
"Aedes flavopictus Yamada, 1921"	""	"2d Exoot: Incidentele import"	"http://www.nederlandsesoorten.nl, www.nederlandsesoorten.nl/linnaeus_ng/app/views/species/taxon.php?id=186118"	
"Aedes japonicus (Theobald, 1901)"	"Aziatische bosmug"	"2c Exoot (minder dan 10 jaar)"	"http://www.nederlandsesoorten.nl, www.nederlandsesoorten.nl/linnaeus_ng/app/views/species/taxon.php?id=173966"	
"Agardhiella subulata (C.Agardh) Kraft & M.J.Wynne"	"Stijf priemwier"	"2b Exoot (10-99 jaar)"	"http://www.nederlandsesoorten.nl, www.nederlandsesoorten.nl/linnaeus_ng/app/views/species/taxon.php?id=116624"	
"Aix galericulata (Linnaeus, 1758)"	"Mandarijneend"	"2b Exoot (10-99 jaar)"	"http://www.nederlandsesoorten.nl, www.nederlandsesoorten.nl/linnaeus_ng/app/views/species/taxon.php?id=139913"	
"Alcyonidium condylocinereum Porter, 2004"	"Grijze zeevinger"	"2 Exoot (onbepaald)"	"http://www.nederlandsesoorten.nl, www.nederlandsesoorten.nl/linnaeus_ng/app/views/species/taxon.php?id=140697"	
"Alexandrium leei Balech"	""	"2b Exoot (10-99 jaar)"	"http://www.nederlandsesoorten.nl, www.nederlandsesoorten.nl/linnaeus_ng/app/views/species/taxon.php?id=178848"	
"Alexandrium tamarense (Lebour) Balech"	""	"2b Exoot (10-99 jaar)"	"http://www.nederlandsesoorten.nl, www.nederlandsesoorten.nl/linnaeus_ng/app/views/species/taxon.php?id=178849"	
"Alitta virens (Sars, 1835)"	"Gewone zager"	"2a Exoot (minstens 100 jaar)"	"http://www.nederlandsesoorten.nl, www.nederlandsesoorten.nl/linnaeus_ng/app/views/species/taxon.php?id=138052"	
"Alopochen aegyptiaca (Linnaeus, 1766)"	"Nijlgans"	"2b Exoot (10-99 jaar)"	"http://www.nederlandsesoorten.nl, www.nederlandsesoorten.nl/linnaeus_ng/app/views/species/taxon.php?id=139870"	
"Amathia gracilis (Leidy, 1855)"	""	"2a Exoot (minstens 100 jaar)"	"http://www.nederlandsesoorten.nl, www.nederlandsesoorten.nl/linnaeus_ng/app/views/species/taxon.php?id=140426"	
"Amathia imbricata (Adams, 1798)"	""	"2a Exoot (minstens 100 jaar)"	"http://www.nederlandsesoorten.nl, www.nederlandsesoorten.nl/linnaeus_ng/app/views/species/taxon.php?id=140425"	
"Amazonetta brasiliensis (Gmelin, 1789)"	"Amazonetaling"	"2d Exoot: Incidentele import"	"http://www.nederlandsesoorten.nl, www.nederlandsesoorten.nl/linnaeus_ng/app/views/species/taxon.php?id=177305"	
"Ameiurus melas (Rafinesque, 1820)"	"Zwarte dwergmeerval"	"2b Exoot (10-99 jaar)"	"http://www.nederlandsesoorten.nl, www.nederlandsesoorten.nl/linnaeus_ng/app/views/species/taxon.php?id=138426"	
"Ameiurus nebulosus (Le Sueur, 1819)"	"Bruine dwergmeerval"	"2b Exoot (10-99 jaar)"	"http://www.nederlandsesoorten.nl, www.nederlandsesoorten.nl/linnaeus_ng/app/views/species/taxon.php?id=138425"	
"Ammothea hilgendorfi (Böhm, 1879)"	"Zebrazeespin"	"2c Exoot (minder dan 10 jaar)"	"http://www.nederlandsesoorten.nl, www.nederlandsesoorten.nl/linnaeus_ng/app/views/species/taxon.php?id=174045"	
"Amphibalanus amphitrite (Darwin, 1851)"	"Paarsgestreepte zeepok"	"2b Exoot (10-99 jaar)"	"http://www.nederlandsesoorten.nl, www.nederlandsesoorten.nl/linnaeus_ng/app/views/species/taxon.php?id=144201"	
"Amphibalanus eburneus (Gould, 1841)"	"Ivoorpok"	"2d Exoot: Incidentele import"	"http://www.nederlandsesoorten.nl, www.nederlandsesoorten.nl/linnaeus_ng/app/views/species/taxon.php?id=144196"	
"Amphibalanus improvisus (Darwin, 1854)"	"Brakwaterpok"	"2a Exoot (minstens 100 jaar)"	"http://www.nederlandsesoorten.nl, www.nederlandsesoorten.nl/linnaeus_ng/app/views/species/taxon.php?id=144200"	
"Ampithoe valida Smith, 1873"	""	"2c Exoot (minder dan 10 jaar)"	"http://www.nederlandsesoorten.nl, www.nederlandsesoorten.nl/linnaeus_ng/app/views/species/taxon.php?id=183242"	
"Anas bahamensis Linnaeus, 1758"	"Bahamapijlstaart"	"2d Exoot: Incidentele import"	"http://www.nederlandsesoorten.nl, www.nederlandsesoorten.nl/linnaeus_ng/app/views/species/taxon.php?id=172419"	
"Anas capensis (Gmelin, 1789)"	"Kaapse taling"	"2c Exoot (minder dan 10 jaar)"	"http://www.nederlandsesoorten.nl, www.nederlandsesoorten.nl/linnaeus_ng/app/views/species/taxon.php?id=172143"	
"Anas cyanoptera Vieillot, 1816"	"Kaneeltaling"	"2d Exoot: Incidentele import"	"http://www.nederlandsesoorten.nl, www.nederlandsesoorten.nl/linnaeus_ng/app/views/species/taxon.php?id=177306"	
"Anas flavirostris Vieillot, 1816"	"Chileense taling"	"2d Exoot: Incidentele import"	"http://www.nederlandsesoorten.nl, www.nederlandsesoorten.nl/linnaeus_ng/app/views/species/taxon.php?id=177307"	
"Anas georgica (Gmelin, 1789)"	"Zuid-Amerikaanse pijlstaart"	"2d Exoot: Incidentele import"	"http://www.nederlandsesoorten.nl, www.nederlandsesoorten.nl/linnaeus_ng/app/views/species/taxon.php?id=177308"	
"Anas platyrhynchos f.  domesticus"	"Soepeend"	"2a Exoot (minstens 100 jaar)"	"http://www.nederlandsesoorten.nl, www.nederlandsesoorten.nl/linnaeus_ng/app/views/species/taxon.php?id=172355"	
"Anas poecilorhyncha Forster, 1781"	"Indische vlekbekeend"	"2d Exoot: Incidentele import"	"http://www.nederlandsesoorten.nl, www.nederlandsesoorten.nl/linnaeus_ng/app/views/species/taxon.php?id=177309"	
"Anas rhynchotis Latham, 1801"	"Australische slobeend"	"2d Exoot: Incidentele import"	"http://www.nederlandsesoorten.nl, www.nederlandsesoorten.nl/linnaeus_ng/app/views/species/taxon.php?id=177310"	
"Anas sibilatrix Poeppig, 1829"	"Chileense smient"	"2c Exoot (minder dan 10 jaar)"	"http://www.nederlandsesoorten.nl, www.nederlandsesoorten.nl/linnaeus_ng/app/views/species/taxon.php?id=174552"	
"Anas versicolor Vieillot, 1816"	"Zilvertaling"	"2d Exoot: Incidentele import"	"http://www.nederlandsesoorten.nl, www.nederlandsesoorten.nl/linnaeus_ng/app/views/species/taxon.php?id=177311"	
"Anguillicoloides crassus (Kuwahara, Niimi & Itagaki, 1974)"	"Zwemblaasworm"	"2b Exoot (10-99 jaar)"	"http://www.nederlandsesoorten.nl, www.nederlandsesoorten.nl/linnaeus_ng/app/views/species/taxon.php?id=136468"	
"Anomia ephippium Linnaeus, 1758"	"Paardenzadel"	"2d Exoot: Incidentele import"	"http://www.nederlandsesoorten.nl, www.nederlandsesoorten.nl/linnaeus_ng/app/views/species/taxon.php?id=137367"	
"Anotrichium furcellatum (J.Agardh) Baldock"	""	"2b Exoot (10-99 jaar)"	"http://www.nederlandsesoorten.nl, www.nederlandsesoorten.nl/linnaeus_ng/app/views/species/taxon.php?id=116524"	
"Anser anser f.  domesticus"	"Soepgans"	"2a Exoot (minstens 100 jaar)"	"http://www.nederlandsesoorten.nl, www.nederlandsesoorten.nl/linnaeus_ng/app/views/species/taxon.php?id=172356"	
"Anser anser subsp. rubrirostris Swinhoe, 1871"	"Oostelijke grauwe gans"	"2d Exoot: Incidentele import"	"http://www.nederlandsesoorten.nl, www.nederlandsesoorten.nl/linnaeus_ng/app/views/species/taxon.php?id=177371"	
"Anser canagicus Sevastianov, 1802"	"Keizergans"	"2c Exoot (minder dan 10 jaar)"	"http://www.nederlandsesoorten.nl, www.nederlandsesoorten.nl/linnaeus_ng/app/views/species/taxon.php?id=172140"	
"Anser cygnoides (Linnaeus, 1758)"	"Zwaangans"	"2b Exoot (10-99 jaar)"	"http://www.nederlandsesoorten.nl, www.nederlandsesoorten.nl/linnaeus_ng/app/views/species/taxon.php?id=172139"	
"Anser cygnoides f.  domesticus"	"Zwaangans"	"2d Exoot: Incidentele import"	"http://www.nederlandsesoorten.nl, www.nederlandsesoorten.nl/linnaeus_ng/app/views/species/taxon.php?id=177372"	
"Anser fabalis subsp. johanseni Delacour, 1951"	"Taigarietgans (johanseni)"	"2d Exoot: Incidentele import"	"http://www.nederlandsesoorten.nl, www.nederlandsesoorten.nl/linnaeus_ng/app/views/species/taxon.php?id=177374"	
"Anser indicus (Latham, 1790)"	"Indische gans"	"2b Exoot (10-99 jaar)"	"http://www.nederlandsesoorten.nl, www.nederlandsesoorten.nl/linnaeus_ng/app/views/species/taxon.php?id=139891"	
"Anser middendorffii Severtsov, 1873"	"Middendorffs Rietgans"	"2d Exoot: Incidentele import"	"http://www.nederlandsesoorten.nl, www.nederlandsesoorten.nl/linnaeus_ng/app/views/species/taxon.php?id=177375"	
"Antithamnionella spirographidis (Schiffn.) E.M.Woll."	""	"2b Exoot (10-99 jaar)"	"http://www.nederlandsesoorten.nl, www.nederlandsesoorten.nl/linnaeus_ng/app/views/species/taxon.php?id=116493"	
"Antithamnionella ternifolia Hook.f. & Harv.) Lyle"	"Drietakkig rooddonswier"	"2b Exoot (10-99 jaar)"	"http://www.nederlandsesoorten.nl, www.nederlandsesoorten.nl/linnaeus_ng/app/views/species/taxon.php?id=116494"	
"Aoroides semicurvatus Ariyama, 2004"	""	"2c Exoot (minder dan 10 jaar)"	"http://www.nederlandsesoorten.nl, www.nederlandsesoorten.nl/linnaeus_ng/app/views/species/taxon.php?id=182680"	
"Aphanomyces astaci Schikora, 1903"	"Kreeftenpest"	"2b Exoot (10-99 jaar)"	"http://www.nederlandsesoorten.nl, www.nederlandsesoorten.nl/linnaeus_ng/app/views/species/taxon.php?id=135202"	
"Aplidium glabrum (Verrill, 1871)"	"Glanzende bolzakpijp"	"2b Exoot (10-99 jaar)"	"http://www.nederlandsesoorten.nl, www.nederlandsesoorten.nl/linnaeus_ng/app/views/species/taxon.php?id=138816"	
"Aponogeton distachyos L. f."	"Kaapse waterlelie"	"2c Exoot (minder dan 10 jaar)"	"http://www.nederlandsesoorten.nl, www.nederlandsesoorten.nl/linnaeus_ng/app/views/species/taxon.php?id=174607"	
"Arachnidium lacourti d'Hondt & Faasse, 2006"	""	"2c Exoot (minder dan 10 jaar)"	"http://www.nederlandsesoorten.nl, www.nederlandsesoorten.nl/linnaeus_ng/app/views/species/taxon.php?id=140415"	
"Arcuatula senhousia (Benson, 1842)"	"Aziatische mossel"	"2c Exoot (minder dan 10 jaar)"	"http://www.nederlandsesoorten.nl, www.nederlandsesoorten.nl/linnaeus_ng/app/views/species/taxon.php?id=183465"	
"Argulus japonicus Thiele, 1900"	"Japanse visluis"	"2d Exoot: Incidentele import"	"http://www.nederlandsesoorten.nl, www.nederlandsesoorten.nl/linnaeus_ng/app/views/species/taxon.php?id=171537"	
"Ariomma indicum (Day, 1871)"	"Indische driftvis"	"2d Exoot: Incidentele import"	"http://www.nederlandsesoorten.nl, www.nederlandsesoorten.nl/linnaeus_ng/app/views/species/taxon.php?id=182530"	
"Astronotus ocellatus (Agassiz, 1831)"	"Pauwoogcichlide"	"2d Exoot: Incidentele import"	"http://www.nederlandsesoorten.nl, www.nederlandsesoorten.nl/linnaeus_ng/app/views/species/taxon.php?id=183463"	
"Atyaephyra desmaresti (Millet, 1831)"	"Zoetwatergarnaal"	"2b Exoot (10-99 jaar)"	"http://www.nederlandsesoorten.nl, www.nederlandsesoorten.nl/linnaeus_ng/app/views/species/taxon.php?id=143783"	
"Austrominius modestus (Darwin, 1854)"	"Nieuw-Zeelandse zeepok"	"2b Exoot (10-99 jaar)"	"http://www.nederlandsesoorten.nl, www.nederlandsesoorten.nl/linnaeus_ng/app/views/species/taxon.php?id=144207"	
"Austropotamobius torrentium (Schrank, 1803)"	""	"2d Exoot: Incidentele import"	"http://www.nederlandsesoorten.nl, www.nederlandsesoorten.nl/linnaeus_ng/app/views/species/taxon.php?id=143786"	
"Aythya valisineria (Wilson, 1814)"	"Grote tafeleend"	"2c Exoot (minder dan 10 jaar)"	"http://www.nederlandsesoorten.nl, www.nederlandsesoorten.nl/linnaeus_ng/app/views/species/taxon.php?id=172098"	
"Azolla cristata Kaulf."	"Kleine kroosvaren"	"2d Exoot: Incidentele import"	"http://www.nederlandsesoorten.nl, www.nederlandsesoorten.nl/linnaeus_ng/app/views/species/taxon.php?id=118370"	
"Azolla filiculoides Lam."	"Grote kroosvaren"	"2a Exoot (minstens 100 jaar)"	"http://www.nederlandsesoorten.nl, www.nederlandsesoorten.nl/linnaeus_ng/app/views/species/taxon.php?id=118369"	
"Balanus balanus (Linnaeus, 1758)"	"Grote zeepok"	"2d Exoot: Incidentele import"	"http://www.nederlandsesoorten.nl, www.nederlandsesoorten.nl/linnaeus_ng/app/views/species/taxon.php?id=144197"	
"Balanus glandula Darwin, 1854"	""	"2c Exoot (minder dan 10 jaar)"	"http://www.nederlandsesoorten.nl, www.nederlandsesoorten.nl/linnaeus_ng/app/views/species/taxon.php?id=183566"	
"Ballerus sapa (Pallas, 1814)"	"Donaubrasem"	"2c Exoot (minder dan 10 jaar)"	"http://www.nederlandsesoorten.nl, www.nederlandsesoorten.nl/linnaeus_ng/app/views/species/taxon.php?id=172296"	
"Barentsia matsushimana Toriumi, 1951"	""	"2b Exoot (10-99 jaar)"	"http://www.nederlandsesoorten.nl, www.nederlandsesoorten.nl/linnaeus_ng/app/views/species/taxon.php?id=140819"	
"Barentsia mutabilis Toriumi, 1951"	""	"2d Exoot: Incidentele import"	"http://www.nederlandsesoorten.nl, www.nederlandsesoorten.nl/linnaeus_ng/app/views/species/taxon.php?id=140821"	
"Barentsia ramosa (Robertson, 1900)"	""	"2d Exoot: Incidentele import"	"http://www.nederlandsesoorten.nl, www.nederlandsesoorten.nl/linnaeus_ng/app/views/species/taxon.php?id=140820"	
"Biddulphia longicruris Greville"	""	"2c Exoot (minder dan 10 jaar)"	"http://www.nederlandsesoorten.nl, www.nederlandsesoorten.nl/linnaeus_ng/app/views/species/taxon.php?id=183249"	
"Biflustra grandicella (Canu & Bassler, 1929)"	""	"2d Exoot: Incidentele import"	"http://www.nederlandsesoorten.nl, www.nederlandsesoorten.nl/linnaeus_ng/app/views/species/taxon.php?id=183239"	
"Bispira polyomma Faasse & Giangrande, 2012"	"Paarse kokerworm"	"2c Exoot (minder dan 10 jaar)"	"http://www.nederlandsesoorten.nl, www.nederlandsesoorten.nl/linnaeus_ng/app/views/species/taxon.php?id=171422"	
"Blackfordia virginica Mayer, 1910"	"Franjerokje"	"2c Exoot (minder dan 10 jaar)"	"http://www.nederlandsesoorten.nl, www.nederlandsesoorten.nl/linnaeus_ng/app/views/species/taxon.php?id=174678"	
"Boccardia proboscidea Hartman, 1940"	""	"2c Exoot (minder dan 10 jaar)"	"http://www.nederlandsesoorten.nl, www.nederlandsesoorten.nl/linnaeus_ng/app/views/species/taxon.php?id=174801"	
"Boccardiella hamata (Webster, 1879)"	""	"2c Exoot (minder dan 10 jaar)"	"http://www.nederlandsesoorten.nl, www.nederlandsesoorten.nl/linnaeus_ng/app/views/species/taxon.php?id=174799"	
"Boccardiella ligerica (Ferronnière, 1898)"	""	"2b Exoot (10-99 jaar)"	"http://www.nederlandsesoorten.nl, www.nederlandsesoorten.nl/linnaeus_ng/app/views/species/taxon.php?id=138028"	
"Bombina bombina (Linnaeus, 1761)"	"Roodbuikvuurpad"	"2d Exoot: Incidentele import"	"http://www.nederlandsesoorten.nl, www.nederlandsesoorten.nl/linnaeus_ng/app/views/species/taxon.php?id=182546"	
"Bonamia ostreae Pichot, Comps, Tigé, Grizel & Rabouin"	""	"2b Exoot (10-99 jaar)"	"http://www.nederlandsesoorten.nl, www.nederlandsesoorten.nl/linnaeus_ng/app/views/species/taxon.php?id=178524"	
"Bonnemaisonia hamifera Har."	""	"2c Exoot (minder dan 10 jaar)"	"http://www.nederlandsesoorten.nl, www.nederlandsesoorten.nl/linnaeus_ng/app/views/species/taxon.php?id=116422"	
"Botrylloides violaceus Oka, 1927"	"Slingerzakpijp"	"2b Exoot (10-99 jaar)"	"http://www.nederlandsesoorten.nl, www.nederlandsesoorten.nl/linnaeus_ng/app/views/species/taxon.php?id=138825"	
"Botryllus schlosseri (Pallas, 1774)"	"Gesterde geleikorst"	"2b Exoot (10-99 jaar)"	"http://www.nederlandsesoorten.nl, www.nederlandsesoorten.nl/linnaeus_ng/app/views/species/taxon.php?id=138828"	
"Brachionus plicatilis Gosse, 1851"	""	"2 Exoot (onbepaald)"	"http://www.nederlandsesoorten.nl, www.nederlandsesoorten.nl/linnaeus_ng/app/views/species/taxon.php?id=136664"	
"Branchiobdella kozarovi Subchev, 1978"	""	"2c Exoot (minder dan 10 jaar)"	"http://www.nederlandsesoorten.nl, www.nederlandsesoorten.nl/linnaeus_ng/app/views/species/taxon.php?id=174345"	
"Branchiodrilus hortensis (Stephenson, 1910)"	""	"2c Exoot (minder dan 10 jaar)"	"http://www.nederlandsesoorten.nl, www.nederlandsesoorten.nl/linnaeus_ng/app/views/species/taxon.php?id=138224"	
"Branchiomma bombyx (Dalyell, 1853)"	"Modderkokerworm"	"2d Exoot: Incidentele import"	"http://www.nederlandsesoorten.nl, www.nederlandsesoorten.nl/linnaeus_ng/app/views/species/taxon.php?id=138012"	
"Branchiura sowerbyi Beddard, 1892"	""	"2c Exoot (minder dan 10 jaar)"	"http://www.nederlandsesoorten.nl, www.nederlandsesoorten.nl/linnaeus_ng/app/views/species/taxon.php?id=138178"	
"Branta canadensis (Linnaeus, 1758)"	"Grote Canadese gans"	"2b Exoot (10-99 jaar)"	"http://www.nederlandsesoorten.nl, www.nederlandsesoorten.nl/linnaeus_ng/app/views/species/taxon.php?id=139905"	
"Branta canadensis subsp. canadensis (Linnaeus, 1758)"	"Atlantische Canadese gans"	"2b Exoot (10-99 jaar)"	"http://www.nederlandsesoorten.nl, www.nederlandsesoorten.nl/linnaeus_ng/app/views/species/taxon.php?id=177377"	
"Branta canadensis subsp. interior Todd, 1938"	"Todds Canadese gans"	"2d Exoot: Incidentele import"	"http://www.nederlandsesoorten.nl, www.nederlandsesoorten.nl/linnaeus_ng/app/views/species/taxon.php?id=177378"	
"Branta canadensis subsp. maxima Delacour, 1951"	"Grote Canadese gans (maxima)"	"2d Exoot: Incidentele import"	"http://www.nederlandsesoorten.nl, www.nederlandsesoorten.nl/linnaeus_ng/app/views/species/taxon.php?id=177379"	
"Branta canadensis subsp. occidentalis (Baird, 1858)"	"Grote Canadese gans (occidentalis)"	"2d Exoot: Incidentele import"	"http://www.nederlandsesoorten.nl, www.nederlandsesoorten.nl/linnaeus_ng/app/views/species/taxon.php?id=177380"	
"Branta canadensis subsp. parvipes (Cassin, 1852)"	"Middelste Canadese gans"	"2d Exoot: Incidentele import"	"http://www.nederlandsesoorten.nl, www.nederlandsesoorten.nl/linnaeus_ng/app/views/species/taxon.php?id=177381"	
"Branta hutchinsii subsp. leucopareia (Brandt, 1836)"	"Kleine Canadese gans (leucopareia)"	"2d Exoot: Incidentele import"	"http://www.nederlandsesoorten.nl, www.nederlandsesoorten.nl/linnaeus_ng/app/views/species/taxon.php?id=177382"	
"Branta hutchinsii subsp. minima Ridgway, 1885"	"Kleinste Canadese gans"	"2b Exoot (10-99 jaar)"	"http://www.nederlandsesoorten.nl, www.nederlandsesoorten.nl/linnaeus_ng/app/views/species/taxon.php?id=172179"	
"Branta hutchinsii subsp. taverneri Delacour, 1951"	"Taverners Canadese gans"	"2d Exoot: Incidentele import"	"http://www.nederlandsesoorten.nl, www.nederlandsesoorten.nl/linnaeus_ng/app/views/species/taxon.php?id=177383"	
"Branta sandvicensis (Vigors, 1834)"	"Hawaiigans"	"2d Exoot: Incidentele import"	"http://www.nederlandsesoorten.nl, www.nederlandsesoorten.nl/linnaeus_ng/app/views/species/taxon.php?id=177314"	
"Bucephala islandica (Gmelin, 1789)"	"IJslandse brilduiker"	"2d Exoot: Incidentele import"	"http://www.nederlandsesoorten.nl, www.nederlandsesoorten.nl/linnaeus_ng/app/views/species/taxon.php?id=177315"	
"Bugula neritina (Linnaeus, 1758)"	"Paars vogelkopmosdiertje"	"2b Exoot (10-99 jaar)"	"http://www.nederlandsesoorten.nl, www.nederlandsesoorten.nl/linnaeus_ng/app/views/species/taxon.php?id=173007"	
"Bugulina simplex (Hincks, 1886)"	"Geel vogelkopmosdiertje"	"2b Exoot (10-99 jaar)"	"http://www.nederlandsesoorten.nl, www.nederlandsesoorten.nl/linnaeus_ng/app/views/species/taxon.php?id=140393"	
"Bugulina stolonifera (Ryland, 1960)"	"Vogelkopmosdiertje"	"2b Exoot (10-99 jaar)"	"http://www.nederlandsesoorten.nl, www.nederlandsesoorten.nl/linnaeus_ng/app/views/species/taxon.php?id=140392"	
"Bythotrephes brevimanus Lilljeborg, 1901"	"Gewone staartwatervlo"	"2b Exoot (10-99 jaar)"	"http://www.nederlandsesoorten.nl, www.nederlandsesoorten.nl/linnaeus_ng/app/views/species/taxon.php?id=144093"	
"Cabomba caroliniana A.Gray"	"Waterwaaier"	"2b Exoot (10-99 jaar)"	"http://www.nederlandsesoorten.nl, www.nederlandsesoorten.nl/linnaeus_ng/app/views/species/taxon.php?id=119186"	
"Cairina moschata (Linnaeus, 1758)"	"Muskuseend"	"2b Exoot (10-99 jaar)"	"http://www.nederlandsesoorten.nl, www.nederlandsesoorten.nl/linnaeus_ng/app/views/species/taxon.php?id=172145"	
"Callinectes sapidus Rathbun, 1896"	"Blauwe zwemkrab"	"2b Exoot (10-99 jaar)"	"http://www.nederlandsesoorten.nl, www.nederlandsesoorten.nl/linnaeus_ng/app/views/species/taxon.php?id=143692"	
"Calliostoma zizyphinum (Linnaeus, 1758)"	"Priktolhoren"	"2b Exoot (10-99 jaar)"	"http://www.nederlandsesoorten.nl, www.nederlandsesoorten.nl/linnaeus_ng/app/views/species/taxon.php?id=137631"	
"Callonetta leucophrys (Vieillot, 1816)"	"Ringtaling"	"2d Exoot: Incidentele import"	"http://www.nederlandsesoorten.nl, www.nederlandsesoorten.nl/linnaeus_ng/app/views/species/taxon.php?id=177317"	
"Calyptraea chinensis (Linnaeus, 1758)"	"Chinees hoedje"	"2d Exoot: Incidentele import"	"http://www.nederlandsesoorten.nl, www.nederlandsesoorten.nl/linnaeus_ng/app/views/species/taxon.php?id=137433"	
"Caprella equilibra Say, 1818"	"Bruingevlekte spookkreeft"	"2c Exoot (minder dan 10 jaar)"	"http://www.nederlandsesoorten.nl, www.nederlandsesoorten.nl/linnaeus_ng/app/views/species/taxon.php?id=178577"	
"Caprella mutica Schurin, 1935"	"Harige spookkreeft"	"2b Exoot (10-99 jaar)"	"http://www.nederlandsesoorten.nl, www.nederlandsesoorten.nl/linnaeus_ng/app/views/species/taxon.php?id=143305"	
"Caprella scaura Templeton, 1836"	"Gehoornde spookkreeft"	"2c Exoot (minder dan 10 jaar)"	"http://www.nederlandsesoorten.nl, www.nederlandsesoorten.nl/linnaeus_ng/app/views/species/taxon.php?id=182126"	
"Carassius auratus (Linnaeus, 1758)"	"Goudvis"	"2a Exoot (minstens 100 jaar)"	"http://www.nederlandsesoorten.nl, www.nederlandsesoorten.nl/linnaeus_ng/app/views/species/taxon.php?id=138724"	
"Carassius gibelio (Bloch, 1783)"	"Giebel"	"2a Exoot (minstens 100 jaar)"	"http://www.nederlandsesoorten.nl, www.nederlandsesoorten.nl/linnaeus_ng/app/views/species/taxon.php?id=138725"	
"Caspiobdella fadejewi (Epshtein, 1961)"	""	"2b Exoot (10-99 jaar)"	"http://www.nederlandsesoorten.nl, www.nederlandsesoorten.nl/linnaeus_ng/app/views/species/taxon.php?id=138291"	
"Caulacanthus okamurae Yamada, 1933"	"Puntig korstmoswier"	"2 Exoot (onbepaald)"	"http://www.nederlandsesoorten.nl, www.nederlandsesoorten.nl/linnaeus_ng/app/views/species/taxon.php?id=182640"	
"Celtodoryx ciocalyptoides (Burton, 1935)"	"Gele wratspons"	"2b Exoot (10-99 jaar)"	"http://www.nederlandsesoorten.nl, www.nederlandsesoorten.nl/linnaeus_ng/app/views/species/taxon.php?id=172725"	
"Cephalothrix simula Iwata, 1952"	"Japanse snoerworm"	"2c Exoot (minder dan 10 jaar)"	"http://www.nederlandsesoorten.nl, www.nederlandsesoorten.nl/linnaeus_ng/app/views/species/taxon.php?id=174970"	
"Ceramium botryocarpum A.W.Griffiths ex Harv."	""	"2c Exoot (minder dan 10 jaar)"	"http://www.nederlandsesoorten.nl, www.nederlandsesoorten.nl/linnaeus_ng/app/views/species/taxon.php?id=178830"	
"Chaetogaster limnaei Baer, 1827"	""	"2 Exoot (onbepaald)"	"http://www.nederlandsesoorten.nl, www.nederlandsesoorten.nl/linnaeus_ng/app/views/species/taxon.php?id=138200"	
"Chalinula loosanoffi Hartman, 1958"	"Amerikaanse buisjesspons"	"2a Exoot (minstens 100 jaar)"	"http://www.nederlandsesoorten.nl, www.nederlandsesoorten.nl/linnaeus_ng/app/views/species/taxon.php?id=136563"	
"Chelicorophium curvispinum (Sars, 1895)"	"Kaspische slijkgarnaal"	"2b Exoot (10-99 jaar)"	"http://www.nederlandsesoorten.nl, www.nederlandsesoorten.nl/linnaeus_ng/app/views/species/taxon.php?id=143300"	
"Chelicorophium robustum (Sars, 1895)"	""	"2c Exoot (minder dan 10 jaar)"	"http://www.nederlandsesoorten.nl, www.nederlandsesoorten.nl/linnaeus_ng/app/views/species/taxon.php?id=174734"	
"Chelicorophium sowinskyi Martynov, 1924"	""	"2c Exoot (minder dan 10 jaar)"	"http://www.nederlandsesoorten.nl, www.nederlandsesoorten.nl/linnaeus_ng/app/views/species/taxon.php?id=174735"	
"Chelydra serpentina (Linnaeus, 1758)"	"Bijtschildpad"	"2d Exoot: Incidentele import"	"http://www.nederlandsesoorten.nl, www.nederlandsesoorten.nl/linnaeus_ng/app/views/species/taxon.php?id=185330"	
"Chenonetta jubata (Latham, 1801)"	"Manengans"	"2d Exoot: Incidentele import"	"http://www.nederlandsesoorten.nl, www.nederlandsesoorten.nl/linnaeus_ng/app/views/species/taxon.php?id=177319"	
"Cherax quadricarinatus (von Martens, 1868)"	"Australische roodklauwkreeft"	"2d Exoot: Incidentele import"	"http://www.nederlandsesoorten.nl, www.nederlandsesoorten.nl/linnaeus_ng/app/views/species/taxon.php?id=177251"	
"Chloephaga hybrida (Molina, 1782)"	"Kelpgans"	"2d Exoot: Incidentele import"	"http://www.nederlandsesoorten.nl, www.nederlandsesoorten.nl/linnaeus_ng/app/views/species/taxon.php?id=177320"	
"Chloephaga picta (Gmelin, 1789)"	"Magelhaengans"	"2c Exoot (minder dan 10 jaar)"	"http://www.nederlandsesoorten.nl, www.nederlandsesoorten.nl/linnaeus_ng/app/views/species/taxon.php?id=172142"	
"Chloephaga rubidiceps Sclater, 1861"	"Roodkopgans"	"2d Exoot: Incidentele import"	"http://www.nederlandsesoorten.nl, www.nederlandsesoorten.nl/linnaeus_ng/app/views/species/taxon.php?id=177321"	
"Chydorus brevilabris Frey, 1980"	"Amerikaanse kogelwatervlo"	"2c Exoot (minder dan 10 jaar)"	"http://www.nederlandsesoorten.nl, www.nederlandsesoorten.nl/linnaeus_ng/app/views/species/taxon.php?id=183436"	
"Ciconia abdimii Lichtenstein, 1823"	"Abdims ooievaar"	"2d Exoot: Incidentele import"	"http://www.nederlandsesoorten.nl, www.nederlandsesoorten.nl/linnaeus_ng/app/views/species/taxon.php?id=177323"	
"Cipangopaludina chinensis (Gray, 1834)"	"Chinese moerasslak"	"2c Exoot (minder dan 10 jaar)"	"http://www.nederlandsesoorten.nl, www.nederlandsesoorten.nl/linnaeus_ng/app/views/species/taxon.php?id=171539"	
"Codium fragile (Suringar) Har."	"Viltwier"	"2a Exoot (minstens 100 jaar)"	"http://www.nederlandsesoorten.nl, www.nederlandsesoorten.nl/linnaeus_ng/app/views/species/taxon.php?id=116858"	
"Codium fragile subsp. atlanticum (Cotton) P.C.Silva"	""	"2b Exoot (10-99 jaar)"	"http://www.nederlandsesoorten.nl, www.nederlandsesoorten.nl/linnaeus_ng/app/views/species/taxon.php?id=178899"	
"Codium fragile subsp. fragile (Suringar) Har."	"Viltwier"	"2a Exoot (minstens 100 jaar)"	"http://www.nederlandsesoorten.nl, www.nederlandsesoorten.nl/linnaeus_ng/app/views/species/taxon.php?id=178898"	
"Colaconema dasyae (Collins) Stegenga, Mol, Prud'Homme & Lokhorst"	""	"2b Exoot (10-99 jaar)"	"http://www.nederlandsesoorten.nl, www.nederlandsesoorten.nl/linnaeus_ng/app/views/species/taxon.php?id=116666"	
"Colpomenia peregrina Sauv."	"Oesterdief"	"2b Exoot (10-99 jaar)"	"http://www.nederlandsesoorten.nl, www.nederlandsesoorten.nl/linnaeus_ng/app/views/species/taxon.php?id=117256"	
"Conchoderma auritum (Linnaeus, 1767)"	"Geoorde eendemossel"	"2d Exoot: Incidentele import"	"http://www.nederlandsesoorten.nl, www.nederlandsesoorten.nl/linnaeus_ng/app/views/species/taxon.php?id=144179"	
"Conchoderma virgatum (Spengler, 1790)"	"Gestreepte eendemossel"	"2d Exoot: Incidentele import"	"http://www.nederlandsesoorten.nl, www.nederlandsesoorten.nl/linnaeus_ng/app/views/species/taxon.php?id=144178"	
"Corambe obscura Verrill, 1870"	"Zuiderzee-schijfslak"	"2 Exoot (onbepaald)"	"http://www.nederlandsesoorten.nl, www.nederlandsesoorten.nl/linnaeus_ng/app/views/species/taxon.php?id=137564"	
"Corbicula fluminalis (Müller, 1774)"	"Toegeknepen korfmossel"	"2b Exoot (10-99 jaar)"	"http://www.nederlandsesoorten.nl, www.nederlandsesoorten.nl/linnaeus_ng/app/views/species/taxon.php?id=137188"	
"Corbicula fluminea (Müller, 1774)"	"Aziatische korfmossel"	"2b Exoot (10-99 jaar)"	"http://www.nederlandsesoorten.nl, www.nederlandsesoorten.nl/linnaeus_ng/app/views/species/taxon.php?id=137187"	
"Cordylophora caspia (Pallas, 1771)"	"Brakwaterpoliep"	"2a Exoot (minstens 100 jaar)"	"http://www.nederlandsesoorten.nl, www.nederlandsesoorten.nl/linnaeus_ng/app/views/species/taxon.php?id=140488"	
"Corella eumyota Traustedt, 1882"	"Chileense zakpijp"	"2b Exoot (10-99 jaar)"	"http://www.nederlandsesoorten.nl, www.nederlandsesoorten.nl/linnaeus_ng/app/views/species/taxon.php?id=138812"	
"Corophium multisetosum Stock, 1952"	""	"2 Exoot (onbepaald)"	"http://www.nederlandsesoorten.nl, www.nederlandsesoorten.nl/linnaeus_ng/app/views/species/taxon.php?id=143299"	
"Corynophlaea verruculiformis (Y.-P.Lee & I.K.Lee) Y.-P.Lee"	""	"2b Exoot (10-99 jaar)"	"http://www.nederlandsesoorten.nl, www.nederlandsesoorten.nl/linnaeus_ng/app/views/species/taxon.php?id=117227"	
"Coscinodiscus wailesii Gran & Angst"	""	"2b Exoot (10-99 jaar)"	"http://www.nederlandsesoorten.nl, www.nederlandsesoorten.nl/linnaeus_ng/app/views/species/taxon.php?id=178889"	
"Cotula coronopifolia L."	"Goudknopje"	"2a Exoot (minstens 100 jaar)"	"http://www.nederlandsesoorten.nl, www.nederlandsesoorten.nl/linnaeus_ng/app/views/species/taxon.php?id=119744"	
"Crangonyx pseudogracilis Bousfield, 1958"	""	"2b Exoot (10-99 jaar)"	"http://www.nederlandsesoorten.nl, www.nederlandsesoorten.nl/linnaeus_ng/app/views/species/taxon.php?id=143276"	
"Craspedacusta sowerbii Lankester, 1880"	"Zoetwaterkwal"	"2b Exoot (10-99 jaar)"	"http://www.nederlandsesoorten.nl, www.nederlandsesoorten.nl/linnaeus_ng/app/views/species/taxon.php?id=140684"	
"Crassicauda boopis Baylis, 1920"	""	"2d Exoot: Incidentele import"	"http://www.nederlandsesoorten.nl, www.nederlandsesoorten.nl/linnaeus_ng/app/views/species/taxon.php?id=175975"	
"Crassostrea virginica (Gmelin, 1791)"	"Amerikaanse oester"	"2d Exoot: Incidentele import"	"http://www.nederlandsesoorten.nl, www.nederlandsesoorten.nl/linnaeus_ng/app/views/species/taxon.php?id=137374"	
"Crepidula fornicata (Linnaeus, 1758)"	"Muiltje"	"2b Exoot (10-99 jaar)"	"http://www.nederlandsesoorten.nl, www.nederlandsesoorten.nl/linnaeus_ng/app/views/species/taxon.php?id=137435"	
"Cryptorchestia cavimana (Heller, 1865)"	""	"2a Exoot (minstens 100 jaar)"	"http://www.nederlandsesoorten.nl, www.nederlandsesoorten.nl/linnaeus_ng/app/views/species/taxon.php?id=143352"	
"Ctenopharyngodon idella (Valenciennes, 1844)"	"Graskarper"	"2d Exoot: Incidentele import"	"http://www.nederlandsesoorten.nl, www.nederlandsesoorten.nl/linnaeus_ng/app/views/species/taxon.php?id=138728"	
"Cuspidaria cuspidata (Olivi, 1792)"	"Pollepelschelp"	"2c Exoot (minder dan 10 jaar)"	"http://www.nederlandsesoorten.nl, www.nederlandsesoorten.nl/linnaeus_ng/app/views/species/taxon.php?id=186476"	
"Cyanochen cyanoptera (Rüppell, 1845)"	"Blauwvleugelgans"	"2d Exoot: Incidentele import"	"http://www.nederlandsesoorten.nl, www.nederlandsesoorten.nl/linnaeus_ng/app/views/species/taxon.php?id=177326"	
"Cygnus atratus Latham, 1790"	"Zwarte zwaan"	"2b Exoot (10-99 jaar)"	"http://www.nederlandsesoorten.nl, www.nederlandsesoorten.nl/linnaeus_ng/app/views/species/taxon.php?id=139917"	
"Cygnus buccinator Richardson, 1832"	"Trompetzwaan"	"2d Exoot: Incidentele import"	"http://www.nederlandsesoorten.nl, www.nederlandsesoorten.nl/linnaeus_ng/app/views/species/taxon.php?id=177327"	
"Cygnus melancoryphus (Molina, 1782)"	"Zwarthalszwaan"	"2d Exoot: Incidentele import"	"http://www.nederlandsesoorten.nl, www.nederlandsesoorten.nl/linnaeus_ng/app/views/species/taxon.php?id=177328"	
"Cymodoce truncata Leach, 1814"	""	"2b Exoot (10-99 jaar)"	"http://www.nederlandsesoorten.nl, www.nederlandsesoorten.nl/linnaeus_ng/app/views/species/taxon.php?id=143596"	
"Cyprinus carpio Linnaeus, 1758"	"Karper"	"2a Exoot (minstens 100 jaar)"	"http://www.nederlandsesoorten.nl, www.nederlandsesoorten.nl/linnaeus_ng/app/views/species/taxon.php?id=138749"	
"Damasonium alisma Mill."	"Stervruchtige waterweegbree"	"2d Exoot: Incidentele import"	"http://www.nederlandsesoorten.nl, www.nederlandsesoorten.nl/linnaeus_ng/app/views/species/taxon.php?id=119494"	
"Daphnia ambigua Scourfield, 1946"	"Amerikaanse watervlo"	"2b Exoot (10-99 jaar)"	"http://www.nederlandsesoorten.nl, www.nederlandsesoorten.nl/linnaeus_ng/app/views/species/taxon.php?id=144123"	
"Daphnia parvula Fordyce, 1901"	"Kleine watervlo"	"2b Exoot (10-99 jaar)"	"http://www.nederlandsesoorten.nl, www.nederlandsesoorten.nl/linnaeus_ng/app/views/species/taxon.php?id=144132"	
"Dasya baillouviana (S.G.Gmel.) Mont. in Webb & Berthel."	""	"2b Exoot (10-99 jaar)"	"http://www.nederlandsesoorten.nl, www.nederlandsesoorten.nl/linnaeus_ng/app/views/species/taxon.php?id=116480"	
"Dasya sessilis Yamada, 1928"	"Gedrongen zeehoornblad"	"2c Exoot (minder dan 10 jaar)"	"http://www.nederlandsesoorten.nl, www.nederlandsesoorten.nl/linnaeus_ng/app/views/species/taxon.php?id=182641"	
"Dasysiphonia japonica (Yendo) H.S.Kim"	"Veelvertakt pluimwier"	"2b Exoot (10-99 jaar)"	"http://www.nederlandsesoorten.nl, www.nederlandsesoorten.nl/linnaeus_ng/app/views/species/taxon.php?id=178831"	
"Dasysiphonia sp."	""	"2b Exoot (10-99 jaar)"	"http://www.nederlandsesoorten.nl, www.nederlandsesoorten.nl/linnaeus_ng/app/views/species/taxon.php?id=116477"	
"Dendrocoelum romanodanubiale (Codreanu, 1949)"	""	"2b Exoot (10-99 jaar)"	"http://www.nederlandsesoorten.nl, www.nederlandsesoorten.nl/linnaeus_ng/app/views/species/taxon.php?id=140200"	
"Dendrocygna arborea (Linnaeus, 1758)"	"West-Indische fluiteend"	"2d Exoot: Incidentele import"	"http://www.nederlandsesoorten.nl, www.nederlandsesoorten.nl/linnaeus_ng/app/views/species/taxon.php?id=177329"	
"Dendrocygna arcuata (Horsfield, 1824)"	"Zwervende fluiteend"	"2d Exoot: Incidentele import"	"http://www.nederlandsesoorten.nl, www.nederlandsesoorten.nl/linnaeus_ng/app/views/species/taxon.php?id=177330"	
"Dendrocygna bicolor (Vieillot, 1816)"	"Rosse fluiteend"	"2c Exoot (minder dan 10 jaar)"	"http://www.nederlandsesoorten.nl, www.nederlandsesoorten.nl/linnaeus_ng/app/views/species/taxon.php?id=174551"	
"Desdemona ornata Banse, 1957"	""	"2c Exoot (minder dan 10 jaar)"	"http://www.nederlandsesoorten.nl, www.nederlandsesoorten.nl/linnaeus_ng/app/views/species/taxon.php?id=178476"	
"Diadumene cincta Stephenson, 1925"	"Golfbrekeranemoon"	"2a Exoot (minstens 100 jaar)"	"http://www.nederlandsesoorten.nl, www.nederlandsesoorten.nl/linnaeus_ng/app/views/species/taxon.php?id=140731"	
"Diadumene lineata (Verrill, 1869)"	"Groene golfbrekeranemoon"	"2a Exoot (minstens 100 jaar)"	"http://www.nederlandsesoorten.nl, www.nederlandsesoorten.nl/linnaeus_ng/app/views/species/taxon.php?id=140732"	
"Didemnum vexillum Romanov, 1989"	"Druipzakpijp"	"2 Exoot (onbepaald)"	"http://www.nederlandsesoorten.nl, www.nederlandsesoorten.nl/linnaeus_ng/app/views/species/taxon.php?id=171689"	
"Dikerogammarus haemobaphes (Eichwald, 1841)"	""	"2c Exoot (minder dan 10 jaar)"	"http://www.nederlandsesoorten.nl, www.nederlandsesoorten.nl/linnaeus_ng/app/views/species/taxon.php?id=143439"	
"Dikerogammarus villosus (Sowinsky, 1894)"	"Reuzenvlokreeft"	"2b Exoot (10-99 jaar)"	"http://www.nederlandsesoorten.nl, www.nederlandsesoorten.nl/linnaeus_ng/app/views/species/taxon.php?id=143440"	
"Diplosoma listerianum (Milne Edwards, 1841)"	"Grijze korstzakpijp"	"2b Exoot (10-99 jaar)"	"http://www.nederlandsesoorten.nl, www.nederlandsesoorten.nl/linnaeus_ng/app/views/species/taxon.php?id=138819"	
"Disparalona hamata (Birge, 1879)"	"Gehoekte bodemalona"	"2c Exoot (minder dan 10 jaar)"	"http://www.nederlandsesoorten.nl, www.nederlandsesoorten.nl/linnaeus_ng/app/views/species/taxon.php?id=174729"	
"Disparalona leei (Chien, 1970)"	"Amerikaanse bodemalona"	"2c Exoot (minder dan 10 jaar)"	"http://www.nederlandsesoorten.nl, www.nederlandsesoorten.nl/linnaeus_ng/app/views/species/taxon.php?id=174728"	
"Dreissena bugensis (Andrusov, 1897)"	"Quaggamossel"	"2c Exoot (minder dan 10 jaar)"	"http://www.nederlandsesoorten.nl, www.nederlandsesoorten.nl/linnaeus_ng/app/views/species/taxon.php?id=137156"	
"Dreissena polymorpha (Pallas, 1771)"	"Driehoeksmossel"	"2b Exoot (10-99 jaar)"	"http://www.nederlandsesoorten.nl, www.nederlandsesoorten.nl/linnaeus_ng/app/views/species/taxon.php?id=137153"	
"Dunhevedia crassa King, 1853"	"Zomerwatervlo"	"2c Exoot (minder dan 10 jaar)"	"http://www.nederlandsesoorten.nl, www.nederlandsesoorten.nl/linnaeus_ng/app/views/species/taxon.php?id=174731"	
"Dynamene bidentata (Adams, 1800)"	""	"2b Exoot (10-99 jaar)"	"http://www.nederlandsesoorten.nl, www.nederlandsesoorten.nl/linnaeus_ng/app/views/species/taxon.php?id=143594"	
"Echinogammarus ischnus (Stebbing, 1899)"	""	"2b Exoot (10-99 jaar)"	"http://www.nederlandsesoorten.nl, www.nederlandsesoorten.nl/linnaeus_ng/app/views/species/taxon.php?id=143421"	
"Echinogammarus trichiatus (Martynov, 1932)"	""	"2c Exoot (minder dan 10 jaar)"	"http://www.nederlandsesoorten.nl, www.nederlandsesoorten.nl/linnaeus_ng/app/views/species/taxon.php?id=143423"	
"Eclipidrilus lacustris (Verrill, 1871)"	"Amerikaanse bloedworm"	"2 Exoot (onbepaald)"	"http://www.nederlandsesoorten.nl, www.nederlandsesoorten.nl/linnaeus_ng/app/views/species/taxon.php?id=175080"	
"Edwardsia claparedii (Panceri, 1869)"	""	"2a Exoot (minstens 100 jaar)"	"http://www.nederlandsesoorten.nl, www.nederlandsesoorten.nl/linnaeus_ng/app/views/species/taxon.php?id=176691"	
"Egeria densa Planch."	"Egeria"	"2 Exoot (onbepaald)"	"http://www.nederlandsesoorten.nl, www.nederlandsesoorten.nl/linnaeus_ng/app/views/species/taxon.php?id=119533"	
"Eichhornia crassipes (Mart.) Solms"	"Waterhyacint"	"2d Exoot: Incidentele import"	"http://www.nederlandsesoorten.nl, www.nederlandsesoorten.nl/linnaeus_ng/app/views/species/taxon.php?id=119428"	
"Elachista sp."	""	"2b Exoot (10-99 jaar)"	"http://www.nederlandsesoorten.nl, www.nederlandsesoorten.nl/linnaeus_ng/app/views/species/taxon.php?id=117209"	
"Eleocharis engelmannii Steud."	"Kale waterbies"	"2 Exoot (onbepaald)"	"http://www.nederlandsesoorten.nl, www.nederlandsesoorten.nl/linnaeus_ng/app/views/species/taxon.php?id=179355"	
"Eleocharis obtusa (Willd.) Schult."	"Stompe waterbies"	"2c Exoot (minder dan 10 jaar)"	"http://www.nederlandsesoorten.nl, www.nederlandsesoorten.nl/linnaeus_ng/app/views/species/taxon.php?id=179356"	
"Elodea canadensis Michx."	"Brede waterpest"	"2a Exoot (minstens 100 jaar)"	"http://www.nederlandsesoorten.nl, www.nederlandsesoorten.nl/linnaeus_ng/app/views/species/taxon.php?id=119530"	
"Elodea nuttallii (Planch.) H.St.John"	"Smalle waterpest"	"2b Exoot (10-99 jaar)"	"http://www.nederlandsesoorten.nl, www.nederlandsesoorten.nl/linnaeus_ng/app/views/species/taxon.php?id=119531"	
"Ensis leei Huber, 2015"	"Amerikaanse zwaardschede"	"2b Exoot (10-99 jaar)"	"http://www.nederlandsesoorten.nl, www.nederlandsesoorten.nl/linnaeus_ng/app/views/species/taxon.php?id=137237"	
"Equisetum hyemale var. affine (Engelm.) A.A.Eaton"	"Schaafstro var. affine"	"2c Exoot (minder dan 10 jaar)"	"http://www.nederlandsesoorten.nl, www.nederlandsesoorten.nl/linnaeus_ng/app/views/species/taxon.php?id=118345"	
"Eriocheir sinensis Milne-Edwards, 1853"	"Chinese wolhandkrab"	"2b Exoot (10-99 jaar)"	"http://www.nederlandsesoorten.nl, www.nederlandsesoorten.nl/linnaeus_ng/app/views/species/taxon.php?id=143761"	
"Erythronium dens-canis L."	"Hondstand"	"2d Exoot: Incidentele import"	"http://www.nederlandsesoorten.nl, www.nederlandsesoorten.nl/linnaeus_ng/app/views/species/taxon.php?id=120999"	
"Euchone limnicola Reish, 1959"	"Californische kokerworm"	"2 Exoot (onbepaald)"	"http://www.nederlandsesoorten.nl, www.nederlandsesoorten.nl/linnaeus_ng/app/views/species/taxon.php?id=182636"	
"Eudiaptomus gracilis (Sars, 1863)"	""	"2 Exoot (onbepaald)"	"http://www.nederlandsesoorten.nl, www.nederlandsesoorten.nl/linnaeus_ng/app/views/species/taxon.php?id=144383"	
"Eudocimus albus (Linnaeus, 1758)"	"Witte ibis"	"2d Exoot: Incidentele import"	"http://www.nederlandsesoorten.nl, www.nederlandsesoorten.nl/linnaeus_ng/app/views/species/taxon.php?id=177332"	
"Euglesa compressa (Prime, 1852)"	"Samengedrukte erwtenmossel"	"2b Exoot (10-99 jaar)"	"http://www.nederlandsesoorten.nl, www.nederlandsesoorten.nl/linnaeus_ng/app/views/species/taxon.php?id=183474"	
"Euplana gracilis (Girard, 1850)"	""	"2d Exoot: Incidentele import"	"http://www.nederlandsesoorten.nl, www.nederlandsesoorten.nl/linnaeus_ng/app/views/species/taxon.php?id=140275"	
"Eurytemora americana Williams, 1906"	""	"2 Exoot (onbepaald)"	"http://www.nederlandsesoorten.nl, www.nederlandsesoorten.nl/linnaeus_ng/app/views/species/taxon.php?id=144389"	
"Eusarsiella zostericola (Cushman, 1906)"	""	"2c Exoot (minder dan 10 jaar)"	"http://www.nederlandsesoorten.nl, www.nederlandsesoorten.nl/linnaeus_ng/app/views/species/taxon.php?id=182576"	
"Evadne spinifera Müller, 1867"	"Oceaangrootoogwatervlo"	"2d Exoot: Incidentele import"	"http://www.nederlandsesoorten.nl, www.nederlandsesoorten.nl/linnaeus_ng/app/views/species/taxon.php?id=174739"	
"Faxonius limosus (Rafinesque, 1817)"	"Gevlekte Amerikaanse rivierkreeft"	"2b Exoot (10-99 jaar)"	"http://www.nederlandsesoorten.nl, www.nederlandsesoorten.nl/linnaeus_ng/app/views/species/taxon.php?id=143775"	
"Faxonius virilis (Hagen, 1870)"	"Geknobbelde Amerikaanse rivierkreeft"	"2c Exoot (minder dan 10 jaar)"	"http://www.nederlandsesoorten.nl, www.nederlandsesoorten.nl/linnaeus_ng/app/views/species/taxon.php?id=143774"	
"Fenestrulina delicia Winston, Hayward & Craig, 2000"	"Venstermosdiertje"	"2b Exoot (10-99 jaar)"	"http://www.nederlandsesoorten.nl, www.nederlandsesoorten.nl/linnaeus_ng/app/views/species/taxon.php?id=173013"	
"Fibrocapsa japonica Toriumi & Takano"	""	"2b Exoot (10-99 jaar)"	"http://www.nederlandsesoorten.nl, www.nederlandsesoorten.nl/linnaeus_ng/app/views/species/taxon.php?id=178871"	
"Ficopomatus enigmaticus (Fauvel, 1923)"	"Trompet-kalkkokerworm"	"2b Exoot (10-99 jaar)"	"http://www.nederlandsesoorten.nl, www.nederlandsesoorten.nl/linnaeus_ng/app/views/species/taxon.php?id=138015"	
"Fritillaria imperialis L."	"Keizerskroon"	"2d Exoot: Incidentele import"	"http://www.nederlandsesoorten.nl, www.nederlandsesoorten.nl/linnaeus_ng/app/views/species/taxon.php?id=120986"	
"Gagea minima (L.) Ker Gawl."	"Spitse geelster"	"2b Exoot (10-99 jaar)"	"http://www.nederlandsesoorten.nl, www.nederlandsesoorten.nl/linnaeus_ng/app/views/species/taxon.php?id=120992"	
"Gammarus roeseli Gervais, 1835"	""	"2b Exoot (10-99 jaar)"	"http://www.nederlandsesoorten.nl, www.nederlandsesoorten.nl/linnaeus_ng/app/views/species/taxon.php?id=143429"	
"Gammarus tigrinus Sexton, 1939"	"Tijgervlokreeft"	"2b Exoot (10-99 jaar)"	"http://www.nederlandsesoorten.nl, www.nederlandsesoorten.nl/linnaeus_ng/app/views/species/taxon.php?id=143428"	
"Garveia franciscana (Torrey, 1902)"	"Berenvachtpoliep"	"2b Exoot (10-99 jaar)"	"http://www.nederlandsesoorten.nl, www.nederlandsesoorten.nl/linnaeus_ng/app/views/species/taxon.php?id=140465"	
"Gelidium vagum Okamura"	""	"2c Exoot (minder dan 10 jaar)"	"http://www.nederlandsesoorten.nl, www.nederlandsesoorten.nl/linnaeus_ng/app/views/species/taxon.php?id=171418"	
"Girardia tigrina (Girard, 1850)"	""	"2b Exoot (10-99 jaar)"	"http://www.nederlandsesoorten.nl, www.nederlandsesoorten.nl/linnaeus_ng/app/views/species/taxon.php?id=140190"	
"Glycymeris glycymeris (Linnaeus, 1758)"	"Gewone marmerschelp"	"2d Exoot: Incidentele import"	"http://www.nederlandsesoorten.nl, www.nederlandsesoorten.nl/linnaeus_ng/app/views/species/taxon.php?id=137293"	
"Gnathia maxillaris (Montagu, 1804)"	""	"2b Exoot (10-99 jaar)"	"http://www.nederlandsesoorten.nl, www.nederlandsesoorten.nl/linnaeus_ng/app/views/species/taxon.php?id=143561"	
"Gobiosoma bosc (Lacepède, 1800)"	"Naakte grondel"	"2c Exoot (minder dan 10 jaar)"	"http://www.nederlandsesoorten.nl, www.nederlandsesoorten.nl/linnaeus_ng/app/views/species/taxon.php?id=180903"	
"Gobiusculus flavescens (Fabricius, 1779)"	"Tweevlekgrondel"	"2 Exoot (onbepaald)"	"http://www.nederlandsesoorten.nl, www.nederlandsesoorten.nl/linnaeus_ng/app/views/species/taxon.php?id=174447"	
"Gonionemus vertens Agassiz, 1862"	"Kruiskwal"	"2b Exoot (10-99 jaar)"	"http://www.nederlandsesoorten.nl, www.nederlandsesoorten.nl/linnaeus_ng/app/views/species/taxon.php?id=140678"	
"Gracilaria vermiculophylla (Ohmi) Papenf."	""	"2b Exoot (10-99 jaar)"	"http://www.nederlandsesoorten.nl, www.nederlandsesoorten.nl/linnaeus_ng/app/views/species/taxon.php?id=116645"	
"Grandidierella japonica Stephensen, 1938"	""	"2c Exoot (minder dan 10 jaar)"	"http://www.nederlandsesoorten.nl, www.nederlandsesoorten.nl/linnaeus_ng/app/views/species/taxon.php?id=183251"	
"Graptemys pseudogeographica (Gray, 1831)"	"Zaagrugschildpad"	"2d Exoot: Incidentele import"	"http://www.nederlandsesoorten.nl, www.nederlandsesoorten.nl/linnaeus_ng/app/views/species/taxon.php?id=172421"	
"Grateloupia turuturu Yamada"	"Slijmerige drakentong"	"2b Exoot (10-99 jaar)"	"http://www.nederlandsesoorten.nl, www.nederlandsesoorten.nl/linnaeus_ng/app/views/species/taxon.php?id=116374"	
"Gyraulus chinensis (Dunker, 1848)"	"Chinese schijfhoren"	"2c Exoot (minder dan 10 jaar)"	"http://www.nederlandsesoorten.nl, www.nederlandsesoorten.nl/linnaeus_ng/app/views/species/taxon.php?id=137881"	
"Gyraulus parvus (Say, 1817)"	"Amerikaanse schijfhoren"	"2c Exoot (minder dan 10 jaar)"	"http://www.nederlandsesoorten.nl, www.nederlandsesoorten.nl/linnaeus_ng/app/views/species/taxon.php?id=137882"	
"Haliclona cinerea (Grant, 1826)"	""	"2d Exoot: Incidentele import"	"http://www.nederlandsesoorten.nl, www.nederlandsesoorten.nl/linnaeus_ng/app/views/species/taxon.php?id=172726"	
"Haliclona rosea (Bowerbank, 1866)"	"Rose kussenspons"	"2b Exoot (10-99 jaar)"	"http://www.nederlandsesoorten.nl, www.nederlandsesoorten.nl/linnaeus_ng/app/views/species/taxon.php?id=136558"	
"Haliclona simulans (Johnston, 1842)"	""	"2d Exoot: Incidentele import"	"http://www.nederlandsesoorten.nl, www.nederlandsesoorten.nl/linnaeus_ng/app/views/species/taxon.php?id=172722"	
"Haliclona urceolus (Rathke & Vahl, 1806)"	""	"2d Exoot: Incidentele import"	"http://www.nederlandsesoorten.nl, www.nederlandsesoorten.nl/linnaeus_ng/app/views/species/taxon.php?id=136559"	
"Haliclona xena De Weerdt, 1986"	"Paarse buisjesspons"	"2b Exoot (10-99 jaar)"	"http://www.nederlandsesoorten.nl, www.nederlandsesoorten.nl/linnaeus_ng/app/views/species/taxon.php?id=136562"	
"Haliclystus salpinx Clark, 1863"	"Trompet steelkwal"	"2c Exoot (minder dan 10 jaar)"	"http://www.nederlandsesoorten.nl, www.nederlandsesoorten.nl/linnaeus_ng/app/views/species/taxon.php?id=171644"	
"Halisarca dujardinii (Johnston, 1842)"	"Weke balletjesspons"	"2d Exoot: Incidentele import"	"http://www.nederlandsesoorten.nl, www.nederlandsesoorten.nl/linnaeus_ng/app/views/species/taxon.php?id=172730"	
"Haminoea japonica Pilsbry, 1895"	"Japanse zeepbelslak"	"2c Exoot (minder dan 10 jaar)"	"http://www.nederlandsesoorten.nl, www.nederlandsesoorten.nl/linnaeus_ng/app/views/species/taxon.php?id=183469"	
"Haplosporidium armoricanum (Van Banning, 1977)"	""	"2d Exoot: Incidentele import"	"http://www.nederlandsesoorten.nl, www.nederlandsesoorten.nl/linnaeus_ng/app/views/species/taxon.php?id=137093"	
"Helisoma duryi (Wetherby, 1879)"	"Florida posthorenslak"	"2c Exoot (minder dan 10 jaar)"	"http://www.nederlandsesoorten.nl, www.nederlandsesoorten.nl/linnaeus_ng/app/views/species/taxon.php?id=181710"	
"Helobdella europaea (Kutschera, 1987)"	""	"2d Exoot: Incidentele import"	"http://www.nederlandsesoorten.nl, www.nederlandsesoorten.nl/linnaeus_ng/app/views/species/taxon.php?id=138303"	
"Hemibdella soleae Van Beneden & Hesse, 1863"	""	"2 Exoot (onbepaald)"	"http://www.nederlandsesoorten.nl, www.nederlandsesoorten.nl/linnaeus_ng/app/views/species/taxon.php?id=138277"	
"Hemigrapsus sanguineus (De Haan, 1835)"	"Blaasjeskrab"	"2b Exoot (10-99 jaar)"	"http://www.nederlandsesoorten.nl, www.nederlandsesoorten.nl/linnaeus_ng/app/views/species/taxon.php?id=143705"	
"Hemigrapsus takanoi Asakura & Watanabe, 2005"	"Penseelkrab"	"2b Exoot (10-99 jaar)"	"http://www.nederlandsesoorten.nl, www.nederlandsesoorten.nl/linnaeus_ng/app/views/species/taxon.php?id=143704"	
"Hemimysis anomala Sars, 1907"	"Kaspische aasgarnaal"	"2c Exoot (minder dan 10 jaar)"	"http://www.nederlandsesoorten.nl, www.nederlandsesoorten.nl/linnaeus_ng/app/views/species/taxon.php?id=143828"	
"Hermetia illucens (Linnaeus, 1758)"	"Zwarte soldatenvlieg"	"2c Exoot (minder dan 10 jaar)"	"http://www.nederlandsesoorten.nl, www.nederlandsesoorten.nl/linnaeus_ng/app/views/species/taxon.php?id=186218"	
"Heterosigma akashiwo (Hada) Hada ex Y.Hara & Chihara"	""	"2b Exoot (10-99 jaar)"	"http://www.nederlandsesoorten.nl, www.nederlandsesoorten.nl/linnaeus_ng/app/views/species/taxon.php?id=178873"	
"Hydaticus leander (Rossi, 1790)"	""	"2d Exoot: Incidentele import"	"http://www.nederlandsesoorten.nl, www.nederlandsesoorten.nl/linnaeus_ng/app/views/species/taxon.php?id=173170"	
"Hydrocotyle ranunculoides L.f."	"Grote waternavel"	"2b Exoot (10-99 jaar)"	"http://www.nederlandsesoorten.nl, www.nederlandsesoorten.nl/linnaeus_ng/app/views/species/taxon.php?id=119593"	
"Hydrocotyle sibthorpioides Lam."	""	"2d Exoot: Incidentele import"	"http://www.nederlandsesoorten.nl, www.nederlandsesoorten.nl/linnaeus_ng/app/views/species/taxon.php?id=179035"	
"Hydrocotyle verticillata Thunb."	""	"2d Exoot: Incidentele import"	"http://www.nederlandsesoorten.nl, www.nederlandsesoorten.nl/linnaeus_ng/app/views/species/taxon.php?id=179036"	
"Hydroides elegans (Haswell, 1883)"	""	"2d Exoot: Incidentele import"	"http://www.nederlandsesoorten.nl, www.nederlandsesoorten.nl/linnaeus_ng/app/views/species/taxon.php?id=138017"	
"Hyla orientalis Bedriaga, 1890"	"Oostelijke boomkikker"	"2d Exoot: Incidentele import"	"http://www.nederlandsesoorten.nl, www.nederlandsesoorten.nl/linnaeus_ng/app/views/species/taxon.php?id=182547"	
"Hymeniacidon perlevis (Montagu, 1812)"	"Piekjesspons"	"2b Exoot (10-99 jaar)"	"http://www.nederlandsesoorten.nl, www.nederlandsesoorten.nl/linnaeus_ng/app/views/species/taxon.php?id=136567"	
"Hypania invalida (Grube, 1860)"	""	"2c Exoot (minder dan 10 jaar)"	"http://www.nederlandsesoorten.nl, www.nederlandsesoorten.nl/linnaeus_ng/app/views/species/taxon.php?id=138087"	
"Hypophthalmichthys molitrix (Valenciennes, 1844)"	"Zilverkarper"	"2d Exoot: Incidentele import"	"http://www.nederlandsesoorten.nl, www.nederlandsesoorten.nl/linnaeus_ng/app/views/species/taxon.php?id=138745"	
"Hypophthalmichthys nobilis (Richardson, 1844)"	"Grootkopkarper"	"2d Exoot: Incidentele import"	"http://www.nederlandsesoorten.nl, www.nederlandsesoorten.nl/linnaeus_ng/app/views/species/taxon.php?id=138744"	
"Ianiropsis serricaudis Gurjanova, 1936"	"Japanse zeepissebed"	"2b Exoot (10-99 jaar)"	"http://www.nederlandsesoorten.nl, www.nederlandsesoorten.nl/linnaeus_ng/app/views/species/taxon.php?id=174798"	
"Idotea metallica Bosc, 1802"	""	"2b Exoot (10-99 jaar)"	"http://www.nederlandsesoorten.nl, www.nederlandsesoorten.nl/linnaeus_ng/app/views/species/taxon.php?id=143521"	
"Idotea neglecta Sars, 1897"	""	"2b Exoot (10-99 jaar)"	"http://www.nederlandsesoorten.nl, www.nederlandsesoorten.nl/linnaeus_ng/app/views/species/taxon.php?id=143522"	
"Incisocalliope aestuarius (Watling & Maurer, 1973)"	"Estuariene poliepvlo"	"2b Exoot (10-99 jaar)"	"http://www.nederlandsesoorten.nl, www.nederlandsesoorten.nl/linnaeus_ng/app/views/species/taxon.php?id=143442"	
"Ipheion uniflorum (Graham) Raf."	"Voorjaarsster"	"2d Exoot: Incidentele import"	"http://www.nederlandsesoorten.nl, www.nederlandsesoorten.nl/linnaeus_ng/app/views/species/taxon.php?id=172552"	
"Ischadium recurvum (Rafinesque, 1820)"	"Gebogen traliemossel"	"2c Exoot (minder dan 10 jaar)"	"http://www.nederlandsesoorten.nl, www.nederlandsesoorten.nl/linnaeus_ng/app/views/species/taxon.php?id=183527"	
"Jaera istri Veuille, 1979"	"Donaupissebed"	"2b Exoot (10-99 jaar)"	"http://www.nederlandsesoorten.nl, www.nederlandsesoorten.nl/linnaeus_ng/app/views/species/taxon.php?id=143533"	
"Janira maculosa Leach, 1814"	""	"2b Exoot (10-99 jaar)"	"http://www.nederlandsesoorten.nl, www.nederlandsesoorten.nl/linnaeus_ng/app/views/species/taxon.php?id=143531"	
"Jassa marmorata (Holmes, 1903)"	"Gemarmerde slijkgarnaal"	"2 Exoot (onbepaald)"	"http://www.nederlandsesoorten.nl, www.nederlandsesoorten.nl/linnaeus_ng/app/views/species/taxon.php?id=143406"	
"Jassa slatteryi Conlan, 1990"	""	"2c Exoot (minder dan 10 jaar)"	"http://www.nederlandsesoorten.nl, www.nederlandsesoorten.nl/linnaeus_ng/app/views/species/taxon.php?id=186381"	
"Karenia mikimotoi (Miyake & Kominami ex Oda) Gert Hansen & Ø.Moestrup"	""	"2b Exoot (10-99 jaar)"	"http://www.nederlandsesoorten.nl, www.nederlandsesoorten.nl/linnaeus_ng/app/views/species/taxon.php?id=178855"	
"Lagarosiphon major (Ridl.) Moss"	"Verspreidbladige waterpest"	"2b Exoot (10-99 jaar)"	"http://www.nederlandsesoorten.nl, www.nederlandsesoorten.nl/linnaeus_ng/app/views/species/taxon.php?id=119538"	
"Landoltia punctata (G.Mey.) Les & D.J.Crawford"	"Smal kroos"	"2d Exoot: Incidentele import"	"http://www.nederlandsesoorten.nl, www.nederlandsesoorten.nl/linnaeus_ng/app/views/species/taxon.php?id=172525"	
"Laonome calida Capa, 2007"	""	"2c Exoot (minder dan 10 jaar)"	"http://www.nederlandsesoorten.nl, www.nederlandsesoorten.nl/linnaeus_ng/app/views/species/taxon.php?id=174354"	
"Lemna aequinoctialis Welw."	""	"2 Exoot (onbepaald)"	"http://www.nederlandsesoorten.nl, www.nederlandsesoorten.nl/linnaeus_ng/app/views/species/taxon.php?id=172556"	
"Lemna minuta Kunth"	"Dwergkroos"	"2b Exoot (10-99 jaar)"	"http://www.nederlandsesoorten.nl, www.nederlandsesoorten.nl/linnaeus_ng/app/views/species/taxon.php?id=119514"	
"Lemna turionifera Landolt"	"Knopkroos"	"2b Exoot (10-99 jaar)"	"http://www.nederlandsesoorten.nl, www.nederlandsesoorten.nl/linnaeus_ng/app/views/species/taxon.php?id=119516"	
"Lepas pectinata (Leach, 1818)"	"Ruwe eendemossel"	"2d Exoot: Incidentele import"	"http://www.nederlandsesoorten.nl, www.nederlandsesoorten.nl/linnaeus_ng/app/views/species/taxon.php?id=144185"	
"Lepomis gibbosus (Linnaeus, 1758)"	"Zonnebaars"	"2a Exoot (minstens 100 jaar)"	"http://www.nederlandsesoorten.nl, www.nederlandsesoorten.nl/linnaeus_ng/app/views/species/taxon.php?id=138543"	
"Leptochiton cancellatus (Sowerby, 1839)"	""	"2d Exoot: Incidentele import"	"http://www.nederlandsesoorten.nl, www.nederlandsesoorten.nl/linnaeus_ng/app/views/species/taxon.php?id=137986"	
"Leuciscus aspius Linnaeus, 1758"	"Roofblei"	"2b Exoot (10-99 jaar)"	"http://www.nederlandsesoorten.nl, www.nederlandsesoorten.nl/linnaeus_ng/app/views/species/taxon.php?id=138758"	
"Leucosolenia somesii (Bowerbank, 1874)"	"Grote witte buisjesspons"	"2b Exoot (10-99 jaar)"	"http://www.nederlandsesoorten.nl, www.nederlandsesoorten.nl/linnaeus_ng/app/views/species/taxon.php?id=172710"	
"Lilium bulbiferum subsp. bulbiferum"	"Roggelelie subsp. bulbiferum"	"2d Exoot: Incidentele import"	"http://www.nederlandsesoorten.nl, www.nederlandsesoorten.nl/linnaeus_ng/app/views/species/taxon.php?id=120996"	
"Lilium bulbiferum subsp. croceum (Chaix) Arcang."	"Roggelelie"	"2a Exoot (minstens 100 jaar)"	"http://www.nederlandsesoorten.nl, www.nederlandsesoorten.nl/linnaeus_ng/app/views/species/taxon.php?id=120995"	
"Lilium martagon L."	"Turkse lelie"	"2d Exoot: Incidentele import"	"http://www.nederlandsesoorten.nl, www.nederlandsesoorten.nl/linnaeus_ng/app/views/species/taxon.php?id=120997"	
"Limnadia lenticularis (Linnaeus, 1761)"	"Reuzenschelpkreeft"	"2d Exoot: Incidentele import"	"http://www.nederlandsesoorten.nl, www.nederlandsesoorten.nl/linnaeus_ng/app/views/species/taxon.php?id=144023"	
"Limnanthes alba Benth."	"Donzige moerasbloem"	"2d Exoot: Incidentele import"	"http://www.nederlandsesoorten.nl, www.nederlandsesoorten.nl/linnaeus_ng/app/views/species/taxon.php?id=119247"	
"Limnanthes douglasii R.Br."	"Geelwitte moerasbloem"	"2d Exoot: Incidentele import"	"http://www.nederlandsesoorten.nl, www.nederlandsesoorten.nl/linnaeus_ng/app/views/species/taxon.php?id=119248"	
"Limnodrilus maumeensis Brinkhurst & Cook, 1966"	""	"2c Exoot (minder dan 10 jaar)"	"http://www.nederlandsesoorten.nl, www.nederlandsesoorten.nl/linnaeus_ng/app/views/species/taxon.php?id=138169"	
"Limnodrilus tortilipenis Wetzel, 1987"	""	"2c Exoot (minder dan 10 jaar)"	"http://www.nederlandsesoorten.nl, www.nederlandsesoorten.nl/linnaeus_ng/app/views/species/taxon.php?id=172053"	
"Limnoria quadripunctata Holthuis, 1949"	""	"2b Exoot (10-99 jaar)"	"http://www.nederlandsesoorten.nl, www.nederlandsesoorten.nl/linnaeus_ng/app/views/species/taxon.php?id=143549"	
"Limulus polyphemus (Linnaeus, 1758)"	""	"2d Exoot: Incidentele import"	"http://www.nederlandsesoorten.nl, www.nederlandsesoorten.nl/linnaeus_ng/app/views/species/taxon.php?id=144400"	
"Lithobates catesbeianus (Shaw, 1802)"	"Amerikaanse stierkikker"	"2b Exoot (10-99 jaar)"	"http://www.nederlandsesoorten.nl, www.nederlandsesoorten.nl/linnaeus_ng/app/views/species/taxon.php?id=139989"	
"Littorina compressa Jeffreys, 1865"	"Gestreepte alikruik"	"2b Exoot (10-99 jaar)"	"http://www.nederlandsesoorten.nl, www.nederlandsesoorten.nl/linnaeus_ng/app/views/species/taxon.php?id=137470"	
"Lomentaria hakodatensis Yendo"	""	"2b Exoot (10-99 jaar)"	"http://www.nederlandsesoorten.nl, www.nederlandsesoorten.nl/linnaeus_ng/app/views/species/taxon.php?id=116684"	
"Lophopus crystallinus (Pallas, 1768)"	""	"2 Exoot (onbepaald)"	"http://www.nederlandsesoorten.nl, www.nederlandsesoorten.nl/linnaeus_ng/app/views/species/taxon.php?id=140338"	
"Ludwigia grandiflora (Michx.) Greuter & Burdet"	"Grote waterteunisbloem"	"2b Exoot (10-99 jaar)"	"http://www.nederlandsesoorten.nl, www.nederlandsesoorten.nl/linnaeus_ng/app/views/species/taxon.php?id=121079"	
"Lysichiton americanus Hultén & H.St.John"	"Moeraslantaarn"	"2b Exoot (10-99 jaar)"	"http://www.nederlandsesoorten.nl, www.nederlandsesoorten.nl/linnaeus_ng/app/views/species/taxon.php?id=119511"	
"Magallana gigas (Thunberg, 1793)"	"Japanse oester"	"2b Exoot (10-99 jaar)"	"http://www.nederlandsesoorten.nl, www.nederlandsesoorten.nl/linnaeus_ng/app/views/species/taxon.php?id=137373"	
"Marenzelleria neglecta Sikorski & Bick, 2004"	"Oostzeegroenworm"	"2b Exoot (10-99 jaar)"	"http://www.nederlandsesoorten.nl, www.nederlandsesoorten.nl/linnaeus_ng/app/views/species/taxon.php?id=171461"	
"Marenzelleria viridis (Verrill, 1873)"	"Gewone groenworm"	"2b Exoot (10-99 jaar)"	"http://www.nederlandsesoorten.nl, www.nederlandsesoorten.nl/linnaeus_ng/app/views/species/taxon.php?id=174748"	
"Marionina southerni (Cernosvitov, 1937)"	""	"2 Exoot (onbepaald)"	"http://www.nederlandsesoorten.nl, www.nederlandsesoorten.nl/linnaeus_ng/app/views/species/taxon.php?id=175171"	
"Marteilia refringens Grizel, Comps, Bonami, Cousserans, Duthoit & Le Pennec"	""	"2d Exoot: Incidentele import"	"http://www.nederlandsesoorten.nl, www.nederlandsesoorten.nl/linnaeus_ng/app/views/species/taxon.php?id=137095"	
"Mauremys sinensis (Gray, 1834)"	"Chinese streepnekschildpad"	"2d Exoot: Incidentele import"	"http://www.nederlandsesoorten.nl, www.nederlandsesoorten.nl/linnaeus_ng/app/views/species/taxon.php?id=186761"	
"Mediopyxis helysia Kühn, Hargreaves & Halliger, 2006"	""	"2c Exoot (minder dan 10 jaar)"	"http://www.nederlandsesoorten.nl, www.nederlandsesoorten.nl/linnaeus_ng/app/views/species/taxon.php?id=182646"	
"Megabalanus coccopoma (Darwin, 1854)"	"Grote rose zeepok"	"2d Exoot: Incidentele import"	"http://www.nederlandsesoorten.nl, www.nederlandsesoorten.nl/linnaeus_ng/app/views/species/taxon.php?id=144193"	
"Megabalanus tintinnabulum (Linnaeus, 1758)"	"Zeetulp"	"2d Exoot: Incidentele import"	"http://www.nederlandsesoorten.nl, www.nederlandsesoorten.nl/linnaeus_ng/app/views/species/taxon.php?id=144194"	
"Melanoides tuberculata (Müller, 1774)"	"Slanke knobbelhoren"	"2c Exoot (minder dan 10 jaar)"	"http://www.nederlandsesoorten.nl, www.nederlandsesoorten.nl/linnaeus_ng/app/views/species/taxon.php?id=137973"	
"Melanothamnus harveyi (Bailey) Díaz-Tapia & Maggs"	"Violet buiswier"	"2b Exoot (10-99 jaar)"	"http://www.nederlandsesoorten.nl, www.nederlandsesoorten.nl/linnaeus_ng/app/views/species/taxon.php?id=178828"	
"Melita nitida Smith, 1873"	"Elegante honingvlokreeft"	"2b Exoot (10-99 jaar)"	"http://www.nederlandsesoorten.nl, www.nederlandsesoorten.nl/linnaeus_ng/app/views/species/taxon.php?id=143397"	
"Menetus dilatatus (Gould, 1841)"	"Hoekige schijfhoren"	"2c Exoot (minder dan 10 jaar)"	"http://www.nederlandsesoorten.nl, www.nederlandsesoorten.nl/linnaeus_ng/app/views/species/taxon.php?id=137873"	
"Mercenaria mercenaria (Linnaeus, 1758)"	"Amerikaanse venusschelp"	"2b Exoot (10-99 jaar)"	"http://www.nederlandsesoorten.nl, www.nederlandsesoorten.nl/linnaeus_ng/app/views/species/taxon.php?id=137218"	
"Micropogonias undulatus (Linnaeus, 1766)"	"Knorrepos"	"2b Exoot (10-99 jaar)"	"http://www.nederlandsesoorten.nl, www.nederlandsesoorten.nl/linnaeus_ng/app/views/species/taxon.php?id=138620"	
"Micropterus salmoides (La Cepède, 1802)"	"Forelbaars"	"2d Exoot: Incidentele import"	"http://www.nederlandsesoorten.nl, www.nederlandsesoorten.nl/linnaeus_ng/app/views/species/taxon.php?id=138541"	
"Mimulus guttatus DC."	"Gele maskerbloem"	"2a Exoot (minstens 100 jaar)"	"http://www.nederlandsesoorten.nl, www.nederlandsesoorten.nl/linnaeus_ng/app/views/species/taxon.php?id=120808"	
"Misgurnus anguillicaudatus (Cantor, 1842)"	"Aziatische modderkruiper"	"2c Exoot (minder dan 10 jaar)"	"http://www.nederlandsesoorten.nl, www.nederlandsesoorten.nl/linnaeus_ng/app/views/species/taxon.php?id=172309"	
"Mnemiopsis leidyi Agassiz, 1865"	"Amerikaanse langlob-ribkwal"	"2b Exoot (10-99 jaar)"	"http://www.nederlandsesoorten.nl, www.nederlandsesoorten.nl/linnaeus_ng/app/views/species/taxon.php?id=136523"	
"Moerisia inkermanica Paltschikowa-Ostroumova, 1925"	""	"2d Exoot: Incidentele import"	"http://www.nederlandsesoorten.nl, www.nederlandsesoorten.nl/linnaeus_ng/app/views/species/taxon.php?id=140615"	
"Molgula manhattensis (De Kay, 1843)"	"Ronde zakpijp"	"2a Exoot (minstens 100 jaar)"	"http://www.nederlandsesoorten.nl, www.nederlandsesoorten.nl/linnaeus_ng/app/views/species/taxon.php?id=138831"	
"Monocorophium acherusicum (Costa, 1851)"	""	"2 Exoot (onbepaald)"	"http://www.nederlandsesoorten.nl, www.nederlandsesoorten.nl/linnaeus_ng/app/views/species/taxon.php?id=143297"	
"Monocorophium sextonae (Crawford, 1937)"	"Sexton's slijkgarnaal"	"2b Exoot (10-99 jaar)"	"http://www.nederlandsesoorten.nl, www.nederlandsesoorten.nl/linnaeus_ng/app/views/species/taxon.php?id=143302"	
"Monocorophium uenoi (Stephensen, 1932)"	"Japans slijkkreeftje"	"2c Exoot (minder dan 10 jaar)"	"http://www.nederlandsesoorten.nl, www.nederlandsesoorten.nl/linnaeus_ng/app/views/species/taxon.php?id=174352"	
"Monopylephorus parvus Ditlevsen, 1904"	""	"2 Exoot (onbepaald)"	"http://www.nederlandsesoorten.nl, www.nederlandsesoorten.nl/linnaeus_ng/app/views/species/taxon.php?id=175180"	
"Mulinia lateralis (Say, 1822)"	"Amerikaanse strandschelp"	"2c Exoot (minder dan 10 jaar)"	"http://www.nederlandsesoorten.nl, www.nederlandsesoorten.nl/linnaeus_ng/app/views/species/taxon.php?id=186045"	
"Murchisonella sp."	"Vreemde speldhoren"	"2c Exoot (minder dan 10 jaar)"	"http://www.nederlandsesoorten.nl, www.nederlandsesoorten.nl/linnaeus_ng/app/views/species/taxon.php?id=180901"	
"Musculium transversum (Say, 1829)"	"Amerikaanse hoornschaal"	"2c Exoot (minder dan 10 jaar)"	"http://www.nederlandsesoorten.nl, www.nederlandsesoorten.nl/linnaeus_ng/app/views/species/taxon.php?id=137184"	
"Mya arenaria Linnaeus, 1758"	"Strandgaper"	"2a Exoot (minstens 100 jaar)"	"http://www.nederlandsesoorten.nl, www.nederlandsesoorten.nl/linnaeus_ng/app/views/species/taxon.php?id=137301"	
"Mycale micracanthoxea Buizer & Van Soest, 1977"	"Grijze korstspons"	"2a Exoot (minstens 100 jaar)"	"http://www.nederlandsesoorten.nl, www.nederlandsesoorten.nl/linnaeus_ng/app/views/species/taxon.php?id=136537"	
"Mycteria ibis (Linnaeus, 1766)"	"Afrikaanse nimmerzat"	"2d Exoot: Incidentele import"	"http://www.nederlandsesoorten.nl, www.nederlandsesoorten.nl/linnaeus_ng/app/views/species/taxon.php?id=177344"	
"Myicola ostreae Hoshina & Sugiura, 1953"	""	"2b Exoot (10-99 jaar)"	"http://www.nederlandsesoorten.nl, www.nederlandsesoorten.nl/linnaeus_ng/app/views/species/taxon.php?id=144229"	
"Myriactula rivulariae (Suhr ex Aresch.) Feldmann"	""	"2b Exoot (10-99 jaar)"	"http://www.nederlandsesoorten.nl, www.nederlandsesoorten.nl/linnaeus_ng/app/views/species/taxon.php?id=178862"	
"Myriactula sp."	""	"2b Exoot (10-99 jaar)"	"http://www.nederlandsesoorten.nl, www.nederlandsesoorten.nl/linnaeus_ng/app/views/species/taxon.php?id=117184"	
"Myriophyllum aquaticum (Vell.) Verdc."	"Parelvederkruid"	"2b Exoot (10-99 jaar)"	"http://www.nederlandsesoorten.nl, www.nederlandsesoorten.nl/linnaeus_ng/app/views/species/taxon.php?id=119014"	
"Myriophyllum heterophyllum Michx."	"Ongelijkbladig vederkruid"	"2b Exoot (10-99 jaar)"	"http://www.nederlandsesoorten.nl, www.nederlandsesoorten.nl/linnaeus_ng/app/views/species/taxon.php?id=119015"	
"Mytilicola intestinalis Steuer, 1902"	"Rood darmroeipootkreeftje"	"2b Exoot (10-99 jaar)"	"http://www.nederlandsesoorten.nl, www.nederlandsesoorten.nl/linnaeus_ng/app/views/species/taxon.php?id=144243"	
"Mytilicola orientalis Mori, 1935"	""	"2b Exoot (10-99 jaar)"	"http://www.nederlandsesoorten.nl, www.nederlandsesoorten.nl/linnaeus_ng/app/views/species/taxon.php?id=144242"	
"Mytilopsis leucophaeata (Conrad, 1831)"	"Brakwatermossel"	"2a Exoot (minstens 100 jaar)"	"http://www.nederlandsesoorten.nl, www.nederlandsesoorten.nl/linnaeus_ng/app/views/species/taxon.php?id=137151"	
"Nemopsis bachei (Agassiz, 1849)"	"Bache's knotsklokje"	"2a Exoot (minstens 100 jaar)"	"http://www.nederlandsesoorten.nl, www.nederlandsesoorten.nl/linnaeus_ng/app/views/species/taxon.php?id=140472"	
"Neodexiospira brasiliensis (Grube, 1872)"	"Braziliaanse kalkkokerworm"	"2b Exoot (10-99 jaar)"	"http://www.nederlandsesoorten.nl, www.nederlandsesoorten.nl/linnaeus_ng/app/views/species/taxon.php?id=138019"	
"Neogobius fluviatilis (Pallas, 1814)"	"Pontische stroomgrondel"	"2c Exoot (minder dan 10 jaar)"	"http://www.nederlandsesoorten.nl, www.nederlandsesoorten.nl/linnaeus_ng/app/views/species/taxon.php?id=172298"	
"Neogobius kessleri (Gunther, 1861)"	"Kesslers grondel"	"2c Exoot (minder dan 10 jaar)"	"http://www.nederlandsesoorten.nl, www.nederlandsesoorten.nl/linnaeus_ng/app/views/species/taxon.php?id=138563"	
"Neogobius melanostomus (Pallas, 1814)"	"Zwartbekgrondel"	"2b Exoot (10-99 jaar)"	"http://www.nederlandsesoorten.nl, www.nederlandsesoorten.nl/linnaeus_ng/app/views/species/taxon.php?id=138562"	
"Neomysis americana (Smith, 1873)"	"Amerikaanse aasgarnaal"	"2c Exoot (minder dan 10 jaar)"	"http://www.nederlandsesoorten.nl, www.nederlandsesoorten.nl/linnaeus_ng/app/views/species/taxon.php?id=172398"	
"Netta peposaca (Vieillot, 1816)"	"Peposaka-eend"	"2d Exoot: Incidentele import"	"http://www.nederlandsesoorten.nl, www.nederlandsesoorten.nl/linnaeus_ng/app/views/species/taxon.php?id=177345"	
"Nuphar advena (Aiton) W.T.Aiton"	""	"2d Exoot: Incidentele import"	"http://www.nederlandsesoorten.nl, www.nederlandsesoorten.nl/linnaeus_ng/app/views/species/taxon.php?id=119194"	
"Nymphaea marliacea Latour-Marl."	""	"2d Exoot: Incidentele import"	"http://www.nederlandsesoorten.nl, www.nederlandsesoorten.nl/linnaeus_ng/app/views/species/taxon.php?id=119191"	
"Obesogammarus obesus (Sars, 1894)"	""	"2c Exoot (minder dan 10 jaar)"	"http://www.nederlandsesoorten.nl, www.nederlandsesoorten.nl/linnaeus_ng/app/views/species/taxon.php?id=174733"	
"Ocinebrellus inornata (Récluz, 1851)"	"Japanse stekelhoren"	"2b Exoot (10-99 jaar)"	"http://www.nederlandsesoorten.nl, www.nederlandsesoorten.nl/linnaeus_ng/app/views/species/taxon.php?id=137465"	
"Oncorhynchus kisutch (Walbaum, 1792)"	"Cohozalm"	"2d Exoot: Incidentele import"	"http://www.nederlandsesoorten.nl, www.nederlandsesoorten.nl/linnaeus_ng/app/views/species/taxon.php?id=138495"	
"Oncorhynchus mykiss (Walbaum, 1792)"	"Regenboogforel"	"2d Exoot: Incidentele import"	"http://www.nederlandsesoorten.nl, www.nederlandsesoorten.nl/linnaeus_ng/app/views/species/taxon.php?id=138494"	
"Oncorhynchus tschawytscha (Walbaum, 1792)"	"Chinook"	"2d Exoot: Incidentele import"	"http://www.nederlandsesoorten.nl, www.nederlandsesoorten.nl/linnaeus_ng/app/views/species/taxon.php?id=138493"	
"Orthohalarachne attenuata (Banks, 1910)"	""	"2d Exoot: Incidentele import"	"http://www.nederlandsesoorten.nl, www.nederlandsesoorten.nl/linnaeus_ng/app/views/species/taxon.php?id=183139"	
"Orthohalarachne diminuata (Doetschman, 1944)"	""	"2d Exoot: Incidentele import"	"http://www.nederlandsesoorten.nl, www.nederlandsesoorten.nl/linnaeus_ng/app/views/species/taxon.php?id=183140"	
"Oxyura jamaicensis (Gmelin, 1789)"	"Rosse stekelstaart"	"2b Exoot (10-99 jaar)"	"http://www.nederlandsesoorten.nl, www.nederlandsesoorten.nl/linnaeus_ng/app/views/species/taxon.php?id=139935"	
"Pachycordyle navis (Millard, 1959)"	""	"2b Exoot (10-99 jaar)"	"http://www.nederlandsesoorten.nl, www.nederlandsesoorten.nl/linnaeus_ng/app/views/species/taxon.php?id=140470"	
"Pacifastacus leniusculus (Dana, 1852)"	"Californische rivierkreeft"	"2c Exoot (minder dan 10 jaar)"	"http://www.nederlandsesoorten.nl, www.nederlandsesoorten.nl/linnaeus_ng/app/views/species/taxon.php?id=143791"	
"Pacificincola perforata (Okada & Mawatari, 1937)"	"Pacifisch mosdiertje"	"2b Exoot (10-99 jaar)"	"http://www.nederlandsesoorten.nl, www.nederlandsesoorten.nl/linnaeus_ng/app/views/species/taxon.php?id=173010"	
"Palaemon macrodactylus Rathbun, 1902"	"Rugstreepsteurgarnaal"	"2b Exoot (10-99 jaar)"	"http://www.nederlandsesoorten.nl, www.nederlandsesoorten.nl/linnaeus_ng/app/views/species/taxon.php?id=143709"	
"Palinurus elephas (Fabricius, 1787)"	""	"2d Exoot: Incidentele import"	"http://www.nederlandsesoorten.nl, www.nederlandsesoorten.nl/linnaeus_ng/app/views/species/taxon.php?id=143865"	
"Paranais frici Hrabe, 1941"	"Gerimpeld slikwormpje"	"2b Exoot (10-99 jaar)"	"http://www.nederlandsesoorten.nl, www.nederlandsesoorten.nl/linnaeus_ng/app/views/species/taxon.php?id=175207"	
"Pecten maximus (Linnaeus, 1758)"	"Grote mantel"	"2d Exoot: Incidentele import"	"http://www.nederlandsesoorten.nl, www.nederlandsesoorten.nl/linnaeus_ng/app/views/species/taxon.php?id=137353"	
"Pectinatella magnifica (Leidy, 1851)"	"Waterzakmosdiertje"	"2c Exoot (minder dan 10 jaar)"	"http://www.nederlandsesoorten.nl, www.nederlandsesoorten.nl/linnaeus_ng/app/views/species/taxon.php?id=173024"	
"Pelecanus erythrorhynchos Gmelin, 1789"	"Witte pelikaan"	"2d Exoot: Incidentele import"	"http://www.nederlandsesoorten.nl, www.nederlandsesoorten.nl/linnaeus_ng/app/views/species/taxon.php?id=177348"	
"Pelecanus rufescens Gmelin, 1789"	"Kleine pelikaan"	"2d Exoot: Incidentele import"	"http://www.nederlandsesoorten.nl, www.nederlandsesoorten.nl/linnaeus_ng/app/views/species/taxon.php?id=139434"	
"Pelodiscus sinensis (Wiegmann, 1835)"	"Chinese weekschildpad"	"2 Exoot (onbepaald)"	"http://www.nederlandsesoorten.nl, www.nederlandsesoorten.nl/linnaeus_ng/app/views/species/taxon.php?id=186758"	
"Penilia avirostris Dana, 1852"	"Snavelwatervlo"	"2b Exoot (10-99 jaar)"	"http://www.nederlandsesoorten.nl, www.nederlandsesoorten.nl/linnaeus_ng/app/views/species/taxon.php?id=171721"	
"Perophora japonica Oka, 1927"	"Japanse zakpijp"	"2b Exoot (10-99 jaar)"	"http://www.nederlandsesoorten.nl, www.nederlandsesoorten.nl/linnaeus_ng/app/views/species/taxon.php?id=138843"	
"Petricolaria pholadiformis (Lamarck, 1818)"	"Amerikaanse boormossel"	"2a Exoot (minstens 100 jaar)"	"http://www.nederlandsesoorten.nl, www.nederlandsesoorten.nl/linnaeus_ng/app/views/species/taxon.php?id=137159"	
"Phoeniconaias minor (Geoffroy Saint-Hilaire, 1798)"	"Kleine flamingo"	"2d Exoot: Incidentele import"	"http://www.nederlandsesoorten.nl, www.nederlandsesoorten.nl/linnaeus_ng/app/views/species/taxon.php?id=174549"	
"Phoenicopterus chilensis Molina, 1782"	"Chileense flamingo"	"2d Exoot: Incidentele import"	"http://www.nederlandsesoorten.nl, www.nederlandsesoorten.nl/linnaeus_ng/app/views/species/taxon.php?id=139386"	
"Phoenicopterus ruber Linnaeus, 1758"	"Caribische flamingo"	"2d Exoot: Incidentele import"	"http://www.nederlandsesoorten.nl, www.nederlandsesoorten.nl/linnaeus_ng/app/views/species/taxon.php?id=177349"	
"Phorcus lineatus (Da Costa, 1778)"	"Tandtolhoren"	"2d Exoot: Incidentele import"	"http://www.nederlandsesoorten.nl, www.nederlandsesoorten.nl/linnaeus_ng/app/views/species/taxon.php?id=137626"	
"Physella heterostropha (Say, 1817)"	""	"2c Exoot (minder dan 10 jaar)"	"http://www.nederlandsesoorten.nl, www.nederlandsesoorten.nl/linnaeus_ng/app/views/species/taxon.php?id=137860"	
"Pileolaria berkeleyana (Rioja, 1942)"	""	"2c Exoot (minder dan 10 jaar)"	"http://www.nederlandsesoorten.nl, www.nederlandsesoorten.nl/linnaeus_ng/app/views/species/taxon.php?id=174742"	
"Pimephales promelas Rafinesque, 1820"	"Dikkopelrits"	"2c Exoot (minder dan 10 jaar)"	"http://www.nederlandsesoorten.nl, www.nederlandsesoorten.nl/linnaeus_ng/app/views/species/taxon.php?id=172300"	
"Pistia stratiotes L."	"Watersla"	"2d Exoot: Incidentele import"	"http://www.nederlandsesoorten.nl, www.nederlandsesoorten.nl/linnaeus_ng/app/views/species/taxon.php?id=119509"	
"Platorchestia platensis (Krøyer, 1845)"	"Diksprietspringer"	"2b Exoot (10-99 jaar)"	"http://www.nederlandsesoorten.nl, www.nederlandsesoorten.nl/linnaeus_ng/app/views/species/taxon.php?id=143355"	
"Platybdella anarrhichae (Diesing, 1859)"	""	"2 Exoot (onbepaald)"	"http://www.nederlandsesoorten.nl, www.nederlandsesoorten.nl/linnaeus_ng/app/views/species/taxon.php?id=138293"	
"Plectropterus gambensis (Linnaeus, 1766)"	"Spoorwiekgans"	"2d Exoot: Incidentele import"	"http://www.nederlandsesoorten.nl, www.nederlandsesoorten.nl/linnaeus_ng/app/views/species/taxon.php?id=177353"	
"Pleurodeles waltl Michahelles, 1830"	"Ribbensalamander"	"2d Exoot: Incidentele import"	"http://www.nederlandsesoorten.nl, www.nederlandsesoorten.nl/linnaeus_ng/app/views/species/taxon.php?id=182633"	
"Pleurosigma simonsenii Hasle"	""	"2b Exoot (10-99 jaar)"	"http://www.nederlandsesoorten.nl, www.nederlandsesoorten.nl/linnaeus_ng/app/views/species/taxon.php?id=178893"	
"Poecilia reticulata Peters, 1859"	"Gup"	"2c Exoot (minder dan 10 jaar)"	"http://www.nederlandsesoorten.nl, www.nederlandsesoorten.nl/linnaeus_ng/app/views/species/taxon.php?id=138711"	
"Polydora hoplura Claparède, 1870"	""	"2b Exoot (10-99 jaar)"	"http://www.nederlandsesoorten.nl, www.nederlandsesoorten.nl/linnaeus_ng/app/views/species/taxon.php?id=138034"	
"Polysiphonia harveyi Bailey"	"Violet buiswier"	"2b Exoot (10-99 jaar)"	"http://www.nederlandsesoorten.nl, www.nederlandsesoorten.nl/linnaeus_ng/app/views/species/taxon.php?id=116433"	
"Polysiphonia senticulosa Harv."	"Puntig buiswier"	"2b Exoot (10-99 jaar)"	"http://www.nederlandsesoorten.nl, www.nederlandsesoorten.nl/linnaeus_ng/app/views/species/taxon.php?id=116429"	
"Pontastacus leptodactylus (Eschscholtz, 1823)"	"Turkse rivierkreeft"	"2b Exoot (10-99 jaar)"	"http://www.nederlandsesoorten.nl, www.nederlandsesoorten.nl/linnaeus_ng/app/views/species/taxon.php?id=143788"	
"Pontederia cordata L."	"Moerashyacint"	"2b Exoot (10-99 jaar)"	"http://www.nederlandsesoorten.nl, www.nederlandsesoorten.nl/linnaeus_ng/app/views/species/taxon.php?id=119426"	
"Porphyrio poliocephalus (Latham, 1801)"	"Grijskoppurperkoet"	"2d Exoot: Incidentele import"	"http://www.nederlandsesoorten.nl, www.nederlandsesoorten.nl/linnaeus_ng/app/views/species/taxon.php?id=139523"	
"Porphyrio porphyrio (Linnaeus, 1758)"	"Purperkoet"	"2d Exoot: Incidentele import"	"http://www.nederlandsesoorten.nl, www.nederlandsesoorten.nl/linnaeus_ng/app/views/species/taxon.php?id=177354"	
"Posthodiplostomum cuticola (von Nordmann, 1832)"	""	"2 Exoot (onbepaald)"	"http://www.nederlandsesoorten.nl, www.nederlandsesoorten.nl/linnaeus_ng/app/views/species/taxon.php?id=140124"	
"Potamopyrgus antipodarum (Gray, 1843)"	"Jenkins' waterhorentje"	"2a Exoot (minstens 100 jaar)"	"http://www.nederlandsesoorten.nl, www.nederlandsesoorten.nl/linnaeus_ng/app/views/species/taxon.php?id=137965"	
"Procambarus acutus (Girard, 1852)"	"Gestreepte Amerikaanse rivierkreeft"	"2b Exoot (10-99 jaar)"	"http://www.nederlandsesoorten.nl, www.nederlandsesoorten.nl/linnaeus_ng/app/views/species/taxon.php?id=143779"	
"Procambarus clarkii (Girard, 1852)"	"Rode Amerikaanse rivierkreeft"	"2b Exoot (10-99 jaar)"	"http://www.nederlandsesoorten.nl, www.nederlandsesoorten.nl/linnaeus_ng/app/views/species/taxon.php?id=143778"	
"Procambarus fallax (Hagen, 1870)"	"Everglades-moeraskreeft"	"2d Exoot: Incidentele import"	"http://www.nederlandsesoorten.nl, www.nederlandsesoorten.nl/linnaeus_ng/app/views/species/taxon.php?id=143780"	
"Procambarus fallax f.  virginalis (Hagen, 1870)"	"Marmerkreeft"	"2d Exoot: Incidentele import"	"http://www.nederlandsesoorten.nl, www.nederlandsesoorten.nl/linnaeus_ng/app/views/species/taxon.php?id=171410"	
"Prokelisia marginata (Van Duzee, 1897)"	"Slijkgrascicade"	"2c Exoot (minder dan 10 jaar)"	"http://www.nederlandsesoorten.nl, www.nederlandsesoorten.nl/linnaeus_ng/app/views/species/taxon.php?id=174975"	
"Proterorhinus semilunaris (Heckel, 1837)"	"Marmergrondel"	"2c Exoot (minder dan 10 jaar)"	"http://www.nederlandsesoorten.nl, www.nederlandsesoorten.nl/linnaeus_ng/app/views/species/taxon.php?id=172303"	
"Pseudodiaptomus marinus Sato, 1913"	""	"2c Exoot (minder dan 10 jaar)"	"http://www.nederlandsesoorten.nl, www.nederlandsesoorten.nl/linnaeus_ng/app/views/species/taxon.php?id=183245"	
"Pseudopolydora paucibranchiata (Okuda, 1937)"	"Gestippelde tweedraadkokerworm"	"2c Exoot (minder dan 10 jaar)"	"http://www.nederlandsesoorten.nl, www.nederlandsesoorten.nl/linnaeus_ng/app/views/species/taxon.php?id=178477"	
"Pseudorasbora parva (Schlegel, 1842)"	"Blauwband"	"2b Exoot (10-99 jaar)"	"http://www.nederlandsesoorten.nl, www.nederlandsesoorten.nl/linnaeus_ng/app/views/species/taxon.php?id=138736"	
"Psiloteredo megotara (Forbes & Hanley, 1848)"	"Scheepsworm"	"2a Exoot (minstens 100 jaar)"	"http://www.nederlandsesoorten.nl, www.nederlandsesoorten.nl/linnaeus_ng/app/views/species/taxon.php?id=137311"	
"Ptilohyale littoralis (Stimpson, 1853)"	""	"2c Exoot (minder dan 10 jaar)"	"http://www.nederlandsesoorten.nl, www.nederlandsesoorten.nl/linnaeus_ng/app/views/species/taxon.php?id=174351"	
"Rapana venosa (Valenciennes, 1846)"	"Geaderde stekelhoren"	"2d Exoot: Incidentele import"	"http://www.nederlandsesoorten.nl, www.nederlandsesoorten.nl/linnaeus_ng/app/views/species/taxon.php?id=174747"	
"Rhithropanopeus harrisii (Gould, 1841)"	"Zuiderzeekrabbetje"	"2a Exoot (minstens 100 jaar)"	"http://www.nederlandsesoorten.nl, www.nederlandsesoorten.nl/linnaeus_ng/app/views/species/taxon.php?id=143685"	
"Romanogobio belingi (Slastenenko, 1934)"	"Witvingrondel"	"2b Exoot (10-99 jaar)"	"http://www.nederlandsesoorten.nl, www.nederlandsesoorten.nl/linnaeus_ng/app/views/species/taxon.php?id=138573"	
"Ruditapes philippinarum (Adams & Reeve, 1850)"	"Filipijnse tapijtschelp"	"2c Exoot (minder dan 10 jaar)"	"http://www.nederlandsesoorten.nl, www.nederlandsesoorten.nl/linnaeus_ng/app/views/species/taxon.php?id=174600"	
"Sagittaria graminea Michx."	""	"2d Exoot: Incidentele import"	"http://www.nederlandsesoorten.nl, www.nederlandsesoorten.nl/linnaeus_ng/app/views/species/taxon.php?id=180129"	
"Sagittaria latifolia Willd."	"Breed pijlkruid"	"2c Exoot (minder dan 10 jaar)"	"http://www.nederlandsesoorten.nl, www.nederlandsesoorten.nl/linnaeus_ng/app/views/species/taxon.php?id=119490"	
"Salvelinus alpinus (Linnaeus, 1758)"	"Riddervis"	"2d Exoot: Incidentele import"	"http://www.nederlandsesoorten.nl, www.nederlandsesoorten.nl/linnaeus_ng/app/views/species/taxon.php?id=138491"	
"Salvelinus fontinalis (Mitchill, 1815)"	"Bronforel"	"2d Exoot: Incidentele import"	"http://www.nederlandsesoorten.nl, www.nederlandsesoorten.nl/linnaeus_ng/app/views/species/taxon.php?id=138490"	
"Salvinia molesta Mitch."	"Grote vlotvaren"	"2d Exoot: Incidentele import"	"http://www.nederlandsesoorten.nl, www.nederlandsesoorten.nl/linnaeus_ng/app/views/species/taxon.php?id=118367"	
"Salvinia natans (L.) All."	"Kleine vlotvaren"	"2a Exoot (minstens 100 jaar)"	"http://www.nederlandsesoorten.nl, www.nederlandsesoorten.nl/linnaeus_ng/app/views/species/taxon.php?id=118366"	
"Sander lucioperca (Linnaeus, 1758)"	"Snoekbaars"	"2a Exoot (minstens 100 jaar)"	"http://www.nederlandsesoorten.nl, www.nederlandsesoorten.nl/linnaeus_ng/app/views/species/taxon.php?id=138611"	
"Sargassum muticum (Yendo) Fensholt"	"Japans bessenwier"	"2b Exoot (10-99 jaar)"	"http://www.nederlandsesoorten.nl, www.nederlandsesoorten.nl/linnaeus_ng/app/views/species/taxon.php?id=117117"	
"Schizobrachiella verrilli (Maturo & Schopf, 1968)"	"Amerikaans mosdiertje"	"2 Exoot (onbepaald)"	"http://www.nederlandsesoorten.nl, www.nederlandsesoorten.nl/linnaeus_ng/app/views/species/taxon.php?id=182638"	
"Schoenoplectiella mucronata (L.) J.Jung & H.K.Choi"	"Ribbelbies"	"2c Exoot (minder dan 10 jaar)"	"http://www.nederlandsesoorten.nl, www.nederlandsesoorten.nl/linnaeus_ng/app/views/species/taxon.php?id=118625"	
"Scirpus cyperinus (L.) Kunth"	""	"2d Exoot: Incidentele import"	"http://www.nederlandsesoorten.nl, www.nederlandsesoorten.nl/linnaeus_ng/app/views/species/taxon.php?id=179357"	
"Sebastes schlegelii Hilgendorf, 1880"	"Schlegels roodbaars"	"2d Exoot: Incidentele import"	"http://www.nederlandsesoorten.nl, www.nederlandsesoorten.nl/linnaeus_ng/app/views/species/taxon.php?id=138460"	
"Sinanodonta woodiana (Lea, 1834)"	"Chinese vijvermossel"	"2c Exoot (minder dan 10 jaar)"	"http://www.nederlandsesoorten.nl, www.nederlandsesoorten.nl/linnaeus_ng/app/views/species/taxon.php?id=178519"	
"Sinelobus vanhaareni Bamber, 2014"	"Stanford's naaldkreeftje"	"2b Exoot (10-99 jaar)"	"http://www.nederlandsesoorten.nl, www.nederlandsesoorten.nl/linnaeus_ng/app/views/species/taxon.php?id=174543"	
"Smittoidea prolifica Osburn, 1952"	""	"2b Exoot (10-99 jaar)"	"http://www.nederlandsesoorten.nl, www.nederlandsesoorten.nl/linnaeus_ng/app/views/species/taxon.php?id=140363"	
"Spartina anglica C.E.Hubb."	"Engels slijkgras"	"2a Exoot (minstens 100 jaar)"	"http://www.nederlandsesoorten.nl, www.nederlandsesoorten.nl/linnaeus_ng/app/views/species/taxon.php?id=118742"	
"Stenopelmus rufinasus Gyllenhal, 1835"	"Kroosvarensnuittorretje"	"2b Exoot (10-99 jaar)"	"http://www.nederlandsesoorten.nl, www.nederlandsesoorten.nl/linnaeus_ng/app/views/species/taxon.php?id=153237"	
"Steromphala cineraria Linnaeus, 1758"	"Asgrauwe tolhoren"	"2b Exoot (10-99 jaar)"	"http://www.nederlandsesoorten.nl, www.nederlandsesoorten.nl/linnaeus_ng/app/views/species/taxon.php?id=137624"	
"Streblospio benedicti Webster, 1879"	""	"2b Exoot (10-99 jaar)"	"http://www.nederlandsesoorten.nl, www.nederlandsesoorten.nl/linnaeus_ng/app/views/species/taxon.php?id=138040"	
"Styela calva Monniot, Monniot & Millar, 1976"	""	"2b Exoot (10-99 jaar)"	"http://www.nederlandsesoorten.nl, www.nederlandsesoorten.nl/linnaeus_ng/app/views/species/taxon.php?id=176705"	
"Styela clava Herdman, 1881"	"Knotszakpijp"	"2b Exoot (10-99 jaar)"	"http://www.nederlandsesoorten.nl, www.nederlandsesoorten.nl/linnaeus_ng/app/views/species/taxon.php?id=138836"	
"Stylochus flevensis (Hofker, 1930)"	""	"2d Exoot: Incidentele import"	"http://www.nederlandsesoorten.nl, www.nederlandsesoorten.nl/linnaeus_ng/app/views/species/taxon.php?id=140272"	
"Suberites massa Nardo, 1847"	"Paddenstoelspons"	"2b Exoot (10-99 jaar)"	"http://www.nederlandsesoorten.nl, www.nederlandsesoorten.nl/linnaeus_ng/app/views/species/taxon.php?id=136546"	
"Sycon scaldiense (Van Koolwijk, 1982)"	"Harige zakspons"	"2b Exoot (10-99 jaar)"	"http://www.nederlandsesoorten.nl, www.nederlandsesoorten.nl/linnaeus_ng/app/views/species/taxon.php?id=136580"	
"Syllidia armata Quatrefages, 1866"	""	"2d Exoot: Incidentele import"	"http://www.nederlandsesoorten.nl, www.nederlandsesoorten.nl/linnaeus_ng/app/views/species/taxon.php?id=138063"	
"Syllis gracilis Grube, 1840"	""	"2b Exoot (10-99 jaar)"	"http://www.nederlandsesoorten.nl, www.nederlandsesoorten.nl/linnaeus_ng/app/views/species/taxon.php?id=138066"	
"Synidotea laticauda Benedict, 1897"	"Brede brakwaterpissebed"	"2c Exoot (minder dan 10 jaar)"	"http://www.nederlandsesoorten.nl, www.nederlandsesoorten.nl/linnaeus_ng/app/views/species/taxon.php?id=171438"	
"Tadorna cana (Gmelin, 1789)"	"Kaapse casarca"	"2d Exoot: Incidentele import"	"http://www.nederlandsesoorten.nl, www.nederlandsesoorten.nl/linnaeus_ng/app/views/species/taxon.php?id=177363"	
"Tadorna tadornoides (Jardine & Selby, 1828)"	"Australische bergeend"	"2d Exoot: Incidentele import"	"http://www.nederlandsesoorten.nl, www.nederlandsesoorten.nl/linnaeus_ng/app/views/species/taxon.php?id=177364"	
"Tadorna variegata (Gmelin, 1789)"	"Paradijscasarca"	"2d Exoot: Incidentele import"	"http://www.nederlandsesoorten.nl, www.nederlandsesoorten.nl/linnaeus_ng/app/views/species/taxon.php?id=177365"	
"Telmatogeton japonicus Tokunaga, 1933"	"Japanse dansmug"	"2b Exoot (10-99 jaar)"	"http://www.nederlandsesoorten.nl, www.nederlandsesoorten.nl/linnaeus_ng/app/views/species/taxon.php?id=174161"	
"Teredo navalis Linnaeus, 1758"	"Paalworm"	"2a Exoot (minstens 100 jaar)"	"http://www.nederlandsesoorten.nl, www.nederlandsesoorten.nl/linnaeus_ng/app/views/species/taxon.php?id=137307"	
"Thalassiosira hendeyi Hasle & G.Fryxell"	""	"2b Exoot (10-99 jaar)"	"http://www.nederlandsesoorten.nl, www.nederlandsesoorten.nl/linnaeus_ng/app/views/species/taxon.php?id=183237"	
"Thalassiosira nordenskioeldii Cleve"	""	"2b Exoot (10-99 jaar)"	"http://www.nederlandsesoorten.nl, www.nederlandsesoorten.nl/linnaeus_ng/app/views/species/taxon.php?id=183238"	
"Thalassiosira punctigera (Castracane) Hasle"	""	"2b Exoot (10-99 jaar)"	"http://www.nederlandsesoorten.nl, www.nederlandsesoorten.nl/linnaeus_ng/app/views/species/taxon.php?id=178897"	
"Theora lubrica Gould, 1861"	"Vensterglasschelp"	"2b Exoot (10-99 jaar)"	"http://www.nederlandsesoorten.nl, www.nederlandsesoorten.nl/linnaeus_ng/app/views/species/taxon.php?id=186050"	
"Threskiornis aethiopicus (Latham, 1790)"	"Heilige ibis"	"2d Exoot: Incidentele import"	"http://www.nederlandsesoorten.nl, www.nederlandsesoorten.nl/linnaeus_ng/app/views/species/taxon.php?id=139429"	
"Trachemys scripta subsp. elegans Wied-Neuwied, 1839"	"Roodwangschildpad"	"2d Exoot: Incidentele import"	"http://www.nederlandsesoorten.nl, www.nederlandsesoorten.nl/linnaeus_ng/app/views/species/taxon.php?id=138876"	
"Trachemys scripta Schoepff, 1792"	"Lettersierschildpad"	"2d Exoot: Incidentele import"	"http://www.nederlandsesoorten.nl, www.nederlandsesoorten.nl/linnaeus_ng/app/views/species/taxon.php?id=138875"	
"Trachemys scripta subsp. scripta Schoepff, 1792"	"Geelbuikschildpad"	"2d Exoot: Incidentele import"	"http://www.nederlandsesoorten.nl, www.nederlandsesoorten.nl/linnaeus_ng/app/views/species/taxon.php?id=177060"	
"Trachemys scripta subsp. troostii Holbrook, 1836"	"Geelwangschildpad"	"2d Exoot: Incidentele import"	"http://www.nederlandsesoorten.nl, www.nederlandsesoorten.nl/linnaeus_ng/app/views/species/taxon.php?id=177061"	
"Tricellaria inopinata d'Hondt & Occhipinti Ambrogi, 1985"	"Onverwacht mosdiertje"	"2b Exoot (10-99 jaar)"	"http://www.nederlandsesoorten.nl, www.nederlandsesoorten.nl/linnaeus_ng/app/views/species/taxon.php?id=140353"	
"Tridentiger barbatus (Günther, 1861)"	"Aziatische baardgrondel"	"2d Exoot: Incidentele import"	"http://www.nederlandsesoorten.nl, www.nederlandsesoorten.nl/linnaeus_ng/app/views/species/taxon.php?id=177402"	
"Trieres chinensis (Grev.) Ashworth & E.C.Ther."	""	"2b Exoot (10-99 jaar)"	"http://www.nederlandsesoorten.nl, www.nederlandsesoorten.nl/linnaeus_ng/app/views/species/taxon.php?id=178891"	
"Trinectes maculatus (Bloch & Schneider, 1801)"	"Amerikaanse tong"	"2d Exoot: Incidentele import"	"http://www.nederlandsesoorten.nl, www.nederlandsesoorten.nl/linnaeus_ng/app/views/species/taxon.php?id=174837"	
"Triturus carnifex Laurenti, 1768"	"Italiaanse kamsalamander"	"2b Exoot (10-99 jaar)"	"http://www.nederlandsesoorten.nl, www.nederlandsesoorten.nl/linnaeus_ng/app/views/species/taxon.php?id=139966"	
"Tulipa sylvestris L."	"Bostulp"	"2a Exoot (minstens 100 jaar)"	"http://www.nederlandsesoorten.nl, www.nederlandsesoorten.nl/linnaeus_ng/app/views/species/taxon.php?id=120980"	
"Tylodelphys clavata (von Nordmann, 1832)"	""	"2a Exoot (minstens 100 jaar)"	"http://www.nederlandsesoorten.nl, www.nederlandsesoorten.nl/linnaeus_ng/app/views/species/taxon.php?id=140127"	
"Typha laxmannii Lepech."	""	"2d Exoot: Incidentele import"	"http://www.nederlandsesoorten.nl, www.nederlandsesoorten.nl/linnaeus_ng/app/views/species/taxon.php?id=179735"	
"Typha minima Funck ex Hoppe"	"Kleinste lisdodde"	"2d Exoot: Incidentele import"	"http://www.nederlandsesoorten.nl, www.nederlandsesoorten.nl/linnaeus_ng/app/views/species/taxon.php?id=118951"	
"Ulva australis Aresch."	""	"2b Exoot (10-99 jaar)"	"http://www.nederlandsesoorten.nl, www.nederlandsesoorten.nl/linnaeus_ng/app/views/species/taxon.php?id=178829"	
"Umbra pygmaea (De Kay, 1842)"	"Amerikaanse hondsvis"	"2a Exoot (minstens 100 jaar)"	"http://www.nederlandsesoorten.nl, www.nederlandsesoorten.nl/linnaeus_ng/app/views/species/taxon.php?id=138498"	
"Uncinocythere occidentalis (Kozloff & Whitman, 1954)"	""	"2b Exoot (10-99 jaar)"	"http://www.nederlandsesoorten.nl, www.nederlandsesoorten.nl/linnaeus_ng/app/views/species/taxon.php?id=174349"	
"Undaria pinnatifida (Harv.) Suringar"	"Wakame"	"2b Exoot (10-99 jaar)"	"http://www.nederlandsesoorten.nl, www.nederlandsesoorten.nl/linnaeus_ng/app/views/species/taxon.php?id=117132"	
"Uromunna sp."	""	"2c Exoot (minder dan 10 jaar)"	"http://www.nederlandsesoorten.nl, www.nederlandsesoorten.nl/linnaeus_ng/app/views/species/taxon.php?id=174092"	
"Urosalpinx cinerea (Say, 1822)"	"Amerikaanse oesterboorder"	"2b Exoot (10-99 jaar)"	"http://www.nederlandsesoorten.nl, www.nederlandsesoorten.nl/linnaeus_ng/app/views/species/taxon.php?id=137463"	
"Vallisneria spiralis L."	"Vallisneria"	"2b Exoot (10-99 jaar)"	"http://www.nederlandsesoorten.nl, www.nederlandsesoorten.nl/linnaeus_ng/app/views/species/taxon.php?id=119528"	
"Vanellus armatus (Burchell, 1822)"	"Smidsplevier"	"2d Exoot: Incidentele import"	"http://www.nederlandsesoorten.nl, www.nederlandsesoorten.nl/linnaeus_ng/app/views/species/taxon.php?id=177368"	
"Vanellus spinosus (Linnaeus, 1758)"	"Sporenkievit"	"2d Exoot: Incidentele import"	"http://www.nederlandsesoorten.nl, www.nederlandsesoorten.nl/linnaeus_ng/app/views/species/taxon.php?id=177369"	
"Victorella pavida Saville-Kent, 1870"	""	"2a Exoot (minstens 100 jaar)"	"http://www.nederlandsesoorten.nl, www.nederlandsesoorten.nl/linnaeus_ng/app/views/species/taxon.php?id=140421"	
"Vimba vimba Linnaeus, 1758"	"Blauwneus"	"2d Exoot: Incidentele import"	"http://www.nederlandsesoorten.nl, www.nederlandsesoorten.nl/linnaeus_ng/app/views/species/taxon.php?id=138738"	
"Viviparus acerosus (Bourguignat, 1862)"	"Donau-moerasslak"	"2 Exoot (onbepaald)"	"http://www.nederlandsesoorten.nl, www.nederlandsesoorten.nl/linnaeus_ng/app/views/species/taxon.php?id=176792"	
"Walkeria uva (Linnaeus, 1758)"	"Druifmosdiertje"	"2a Exoot (minstens 100 jaar)"	"http://www.nederlandsesoorten.nl, www.nederlandsesoorten.nl/linnaeus_ng/app/views/species/taxon.php?id=140418"	
"Watersipora subatra (Ortmann, 1890)"	"Bloedrode plooimosdiertje"	"2c Exoot (minder dan 10 jaar)"	"http://www.nederlandsesoorten.nl, www.nederlandsesoorten.nl/linnaeus_ng/app/views/species/taxon.php?id=173021"	
"Wolffia australiana (Benth.) Hartog & Plas"	"Smalle wolffia"	"2 Exoot (onbepaald)"	"http://www.nederlandsesoorten.nl, www.nederlandsesoorten.nl/linnaeus_ng/app/views/species/taxon.php?id=179022"	
"Wolffia columbiana H.Karst."	"Colombiaanse wolffia"	"2c Exoot (minder dan 10 jaar)"	"http://www.nederlandsesoorten.nl, www.nederlandsesoorten.nl/linnaeus_ng/app/views/species/taxon.php?id=179023"	
"Zeuxo holdichi Bamber, 1990"	"Schaarpissebed"	"2c Exoot (minder dan 10 jaar)"	"http://www.nederlandsesoorten.nl, www.nederlandsesoorten.nl/linnaeus_ng/app/views/species/taxon.php?id=172782"	
